Date,SPY,AGG,BND,QQQ,TLT,GLD,IEF,VEA
2016-09-30,184.719208,84.534218,62.384705,110.943954,103.415688,125.639999,88.48912,27.882143
2016-10-03,184.275162,84.438599,62.318569,110.785049,103.074371,125.32,88.283203,27.829977
2016-10-04,183.335724,84.152351,62.110542,110.616859,101.868942,120.970001,87.879196,27.747984
2016-10-05,184.147034,84.039337,62.006584,111.009338,101.394287,120.779999,87.681267,27.897049
2016-10-06,184.275162,84.039337,61.984291,110.953285,100.829239,119.660004,87.4991,27.747984
2016-10-07,183.643173,84.054413,62.03627,110.710312,100.896996,119.739998,87.625832,27.569113
2016-10-10,184.599625,84.016747,61.969429,111.411179,100.301872,120.160004,87.396095,27.68091
2016-10-11,182.268204,83.88868,61.872906,109.82251,100.07579,119.550003,87.372368,27.27844
2016-10-12,182.507355,83.918785,61.909996,109.729073,100.173744,119.739998,87.372368,27.241184
2016-10-13,181.909592,84.039337,61.984291,109.336594,100.550476,120.029999,87.554535,27.166653
2016-10-14,182.00351,83.896233,61.857994,109.467392,99.141563,119.360001,87.285248,27.189013
2016-10-17,181.371567,84.039337,61.991707,109.168358,99.774437,119.68,87.475334,27.144279
2016-10-18,182.507355,84.174873,62.073418,110.140251,100.098434,120.419998,87.649582,27.434961
2016-10-19,182.99408,84.220093,62.117992,110.130913,100.181328,121.110001,87.689178,27.531851
2016-10-20,182.652573,84.190018,62.080853,110.000061,100.286781,120.739998,87.609955,27.531851
2016-10-21,182.737946,84.242744,62.132843,110.41127,100.437462,120.830002,87.705017,27.472227
2016-10-24,183.51506,84.114685,62.043674,111.738266,100.000465,120.559998,87.586174,27.434961
2016-10-25,182.900177,84.114685,62.043674,111.383141,100.264137,121.470001,87.570389,27.412598
2016-10-26,182.532974,83.948936,61.932266,110.62619,99.586067,120.790001,87.380272,27.27844
2016-10-27,182.046188,83.738014,61.761414,110.121582,98.50116,121.010002,87.079315,27.248632
2016-10-28,181.508163,83.738014,61.731697,109.430023,98.282715,121.580002,87.095192,27.233725
2016-10-31,181.516739,83.843468,61.798553,109.327248,98.885414,121.940002,87.166458,27.211359
2016-11-01,180.201523,83.798203,61.778496,108.50486,98.892982,122.730003,87.169594,27.136841
2016-11-02,179.116989,83.896309,61.83802,107.635788,99.323257,123.639999,87.431404,26.935598
2016-11-03,178.29715,83.783043,61.80085,106.579803,98.560852,124.300003,87.375824,26.920691
2016-11-04,178.100784,83.956657,61.912479,106.206024,99.444008,124.389999,87.645485,26.697098
2016-11-07,182.029129,83.858574,61.830608,108.729164,98.598549,122.150002,87.28067,27.062305
2016-11-08,182.848969,83.722725,61.71891,109.439392,98.198524,121.639999,86.971352,27.129387
2016-11-09,184.787537,82.94532,61.108593,109.944023,94.031685,121.559998,85.646828,27.084654
2016-11-10,185.248703,82.605698,60.848064,108.16848,92.642776,119.75,85.13134,26.995228
2016-11-11,184.821701,82.454796,60.73642,108.215202,92.121979,117.099998,84.956863,26.779087
2016-11-14,184.966858,82.122658,60.505688,107.121803,91.570938,116.110001,84.465187,26.659838
2016-11-15,186.410065,82.183014,60.587589,108.607643,92.023849,117.120003,84.465187,26.823807
2016-11-16,186.059937,82.364227,60.714088,109.252487,92.854149,116.769997,84.544456,26.577847
2016-11-17,187.016388,82.054756,60.468464,110.046822,91.487907,116.169998,84.171715,26.756727
2016-11-18,186.598007,81.790581,60.319599,109.635628,91.223701,115.150002,83.798965,26.518227
2016-11-21,188.007034,81.858513,60.312164,110.775711,91.450157,115.580002,83.870323,26.749271
2016-11-22,188.374344,81.933998,60.364292,111.112137,91.419952,115.540001,83.949661,26.831259
2016-11-23,188.476791,81.647217,60.207973,110.663589,91.065216,113.25,83.648232,26.734367
2016-11-25,189.177078,81.63961,60.230278,111.018692,91.201035,112.610001,83.576881,26.786537
2016-11-28,188.288879,81.926437,60.371727,110.766365,91.872879,113.800003,83.957542,26.68964
2016-11-29,188.656143,82.017059,60.41634,111.149506,92.257881,113.269997,84.044807,26.838711
2016-11-30,188.203506,81.69252,60.207973,109.803825,90.763245,111.75,83.481728,26.801437
2016-12-01,187.511765,81.423302,59.984234,107.906822,89.804932,111.540001,83.163223,26.734367
2016-12-02,187.605698,81.680389,60.200493,108.121742,90.462944,112.139999,83.536507,26.808889
2016-12-05,188.733002,81.748375,60.275105,108.962822,90.364647,111.540001,83.504745,27.017586
2016-12-06,189.330765,81.733337,60.267647,109.224449,90.296509,111.43,83.536507,27.203911
2016-12-07,191.807404,81.94503,60.409328,110.607506,91.068092,111.830002,83.814476,27.561663
2016-12-08,192.277039,81.793808,60.290005,110.803734,89.99398,111.57,83.496803,27.584024
2016-12-09,193.438522,81.544289,60.111023,111.672829,88.874535,110.400002,83.06794,27.666008
2016-12-12,193.216415,81.468674,60.043869,111.168205,89.040955,110.82,83.083786,27.576571
2016-12-13,194.505981,81.574509,60.111023,112.569977,89.358627,110.449997,83.131493,27.867239
2016-12-14,192.900497,81.128349,59.80526,112.336327,88.360229,108.830002,82.440506,27.412598
2016-12-15,193.694717,81.03009,59.715748,112.513908,88.806511,107.339996,82.21019,27.367886
2016-12-16,193.315887,81.083038,59.767956,112.096809,88.602249,108.050003,82.313423,27.37534
2016-12-19,193.736832,81.294754,59.924557,112.556046,89.555298,108.589996,82.694603,27.352976
2016-12-20,194.484146,81.219139,59.932003,112.987228,89.109001,107.790001,82.519913,27.412598
2016-12-21,193.942932,81.393051,60.021511,112.902855,89.50235,107.849998,82.654945,27.412598
2016-12-22,193.607925,81.392265,59.980366,112.58419,89.342331,107.589996,82.619148,27.33745
2016-12-23,193.891388,81.415077,60.010311,112.659134,89.5243,107.93,82.698647,27.397564
2016-12-27,194.372543,81.354393,59.965439,113.240273,89.236153,108.559998,82.579369,27.359999
2016-12-28,192.766113,81.483246,60.115009,112.359245,89.888344,108.860001,82.881622,27.30739
2016-12-29,192.723145,81.733353,60.279476,112.199905,90.206856,110.290001,83.1362,27.405094
2016-12-30,192.018723,81.90007,60.406574,111.047073,90.343384,109.610001,83.38279,27.457687
2017-01-03,193.487701,81.983467,60.414059,112.040588,90.730133,110.470001,83.343025,27.630529
2017-01-04,194.638809,82.006195,60.458931,112.649818,91.078949,110.860001,83.438477,27.968674
2017-01-05,194.484146,82.347244,60.765465,113.287132,92.504692,112.580002,83.979393,28.216642
2017-01-06,195.180008,82.074425,60.526196,114.280632,91.655327,111.75,83.59758,28.103928
2017-01-09,194.53569,82.210823,60.675751,114.655548,92.390915,112.669998,83.915756,28.036297
2017-01-10,194.53569,82.188087,60.66077,114.9086,92.330269,113.150002,83.875992,28.066345
2017-01-11,195.085464,82.286606,60.690662,115.217896,92.641228,113.5,83.971451,28.261732
2017-01-12,194.595825,82.31694,60.705681,115.039803,92.436455,113.910004,84.019218,28.284267
2017-01-13,195.042511,82.172958,60.608467,115.433449,91.996613,114.209999,83.83622,28.389475
2017-01-17,194.355286,82.453354,60.795357,115.086685,92.959724,115.849998,84.25782,28.314323
2017-01-18,194.784821,82.09713,60.481358,115.321014,91.769058,114.870003,83.661179,28.186573
2017-01-19,194.063217,81.884911,60.376663,115.26474,91.139633,114.769997,83.343025,28.133987
2017-01-20,194.776276,81.915237,60.421543,115.517815,90.957642,115.050003,83.38279,28.269238
2017-01-23,194.269379,82.142578,60.58604,115.611557,91.86763,115.790001,83.820366,28.329357
2017-01-24,195.514999,82.013756,60.49633,116.389473,91.23822,115.269997,83.502113,28.449591
2017-01-25,197.207214,81.794006,60.316841,117.561035,90.093071,114.32,83.08847,28.727625
2017-01-26,197.001099,81.847,60.339283,117.682915,90.396484,113.260002,83.199844,28.637453
2017-01-27,196.691895,81.915237,60.406574,117.907845,90.722534,113.489998,83.303238,28.569824
2017-01-30,195.472061,81.87735,60.391647,116.989342,90.449524,113.970001,83.279373,28.366932
2017-01-31,195.454865,82.074425,60.518738,116.755028,91.078949,115.550003,83.565811,28.464617
2017-02-01,195.532196,81.958977,60.412338,117.561035,90.515831,115.199997,83.405632,28.562298
2017-02-02,195.661041,82.004539,60.449829,117.457947,90.477837,115.839996,83.437454,28.607393
2017-02-03,197.009705,82.027321,60.464783,117.795387,90.439835,116.129997,83.501244,28.727625
2017-02-06,196.657501,82.262741,60.652077,117.935974,90.987007,117.699997,83.899536,28.517223
2017-02-07,196.666061,82.346306,60.749565,118.367096,91.655807,117.459999,84.050919,28.494675
2017-02-08,196.923798,82.581696,60.914349,118.56395,92.902191,118.190002,84.393517,28.539762
2017-02-09,198.092102,82.384254,60.749565,118.995071,91.830597,117.290001,83.891579,28.644962
2017-02-10,198.87381,82.369019,60.734528,119.388741,91.777443,117.599998,83.835823,28.75017
2017-02-13,199.956131,82.247559,60.667095,120.063545,91.48864,116.800003,83.708374,28.855364
2017-02-14,200.755035,82.065285,60.539715,120.466576,90.827385,116.93,83.405632,28.84034
2017-02-15,201.803055,81.936211,60.442284,121.178909,90.409409,117.449997,83.246284,28.945541
2017-02-16,201.631241,82.11087,60.554722,121.141418,90.903419,118.080002,83.580894,29.005648
2017-02-17,201.949127,82.293137,60.697071,121.666283,91.443054,117.68,83.803932,28.907969
2017-02-21,203.151779,82.28553,60.689571,122.266121,91.283394,117.75,83.76416,29.035711
2017-02-22,202.971359,82.338676,60.727032,122.312996,91.435425,117.910004,83.899536,29.01317
2017-02-23,203.108795,82.47538,60.839432,121.853745,91.709045,118.940002,84.122658,29.065769
2017-02-24,203.366516,82.779182,61.064205,122.088028,92.727432,119.699997,84.513008,28.817802
2017-02-27,203.684372,82.627296,60.936794,122.237976,92.18026,119.120003,84.210289,28.832825
2017-02-28,203.134537,82.604492,60.891842,121.863113,92.522209,119.230003,84.170418,28.7652
2017-03-01,205.97789,82.21637,60.642609,123.194038,90.971901,119.059998,83.584053,29.043228
2017-03-02,204.680817,82.064201,60.529999,122.575417,90.644447,117.580002,83.344727,28.862871
2017-03-03,204.809692,82.125053,60.575039,122.800385,90.880554,117.510002,83.424522,29.005648
2017-03-06,204.199768,82.087021,60.53754,122.52858,90.446495,116.720001,83.408554,28.907969
2017-03-07,203.589874,81.980469,60.424904,122.32235,90.172348,115.779999,83.288887,28.832825
2017-03-08,203.211868,81.782639,60.282288,122.537956,89.685013,115.059998,83.009666,28.682547
2017-03-09,203.46962,81.531517,60.094589,122.631615,88.9692,114.470001,82.778313,28.802765
2017-03-10,204.182571,81.653259,60.214714,123.147163,89.281456,114.720001,82.953835,29.028202
2017-03-13,204.285645,81.516289,60.094589,123.353363,88.717941,114.739998,82.746384,29.163464
2017-03-14,203.504028,81.546715,60.087116,123.053421,89.144356,114.120003,82.834167,28.945541
2017-03-15,205.264938,82.018517,60.462452,123.812614,90.233261,116.25,83.560181,29.396404
2017-03-16,204.861221,81.927216,60.372353,123.728249,89.776398,116.730003,83.328789,29.516645
2017-03-17,204.501434,82.10228,60.492485,123.685043,90.339882,116.989998,83.552116,29.561722
2017-03-20,204.27713,82.223999,60.612576,123.797729,90.728195,117.510002,83.751625,29.546694
2017-03-21,201.654327,82.391441,60.755238,121.919304,91.482101,118.540001,84.030853,29.373854
2017-03-22,202.128845,82.505569,60.837772,122.745842,91.847588,118.830002,84.190399,29.411428
2017-03-23,201.913162,82.528366,60.807793,122.435905,91.718102,118.669998,84.102592,29.494087
2017-03-24,201.766495,82.4599,60.792797,122.689484,92.045555,118.860001,84.15049,29.569525
2017-03-27,201.559433,82.657753,60.920376,122.886703,92.464371,119.529999,84.357903,29.637413
2017-03-28,203.026138,82.467529,60.807793,123.638077,91.847588,119.040001,84.070724,29.77319
2017-03-29,203.215897,82.650192,60.927895,124.211006,92.395828,119.330002,84.310112,29.803358
2017-03-30,203.863022,82.497955,60.830296,124.417671,91.649567,118.470001,84.070724,29.690224
2017-03-31,203.388519,82.558861,60.867867,124.333107,91.916092,118.720001,84.238274,29.644951
2017-04-03,203.034698,82.865379,61.089027,124.257957,92.843239,119.349998,84.652901,29.614786
2017-04-04,203.164139,82.789146,61.021301,124.455208,92.3396,119.620003,84.533089,29.599701
2017-04-05,202.560272,82.88063,61.073986,123.948036,92.621925,119.620003,84.692863,29.441292
2017-04-06,203.129623,82.872978,61.096535,124.013741,92.48455,119.18,84.636932,29.463915
2017-04-07,202.922577,82.690002,60.961113,123.948036,92.110664,119.459999,84.381325,29.426203
2017-04-10,203.043365,82.796738,61.021301,123.99501,92.53804,119.459999,84.533089,29.426203
2017-04-11,202.801804,83.033157,61.2169,123.459618,93.415489,121.190002,84.924568,29.546886
2017-04-12,201.913162,83.216125,61.359879,122.961853,93.926765,122.019997,85.188263,29.524263
2017-04-13,200.6017,83.322906,61.450165,122.473488,94.216782,122.599998,85.443954,29.335686
2017-04-17,202.379028,83.277153,61.412529,123.487823,93.926765,122.239998,85.308105,29.577063
2017-04-18,201.775101,83.612656,61.630718,123.299995,95.155319,122.82,85.795456,29.403576
2017-04-19,201.404144,83.48304,61.517845,123.497215,94.636444,121.730003,85.571785,29.26779
2017-04-20,203.043365,83.35334,61.435085,124.53035,94.270203,121.959999,85.38002,29.531807
2017-04-21,202.396332,83.376274,61.450165,124.502167,94.270203,122.309998,85.419968,29.546886
2017-04-24,204.622223,83.254288,61.367371,126.004944,93.804703,121.480003,85.244186,30.195608
2017-04-25,205.81282,82.979729,61.179283,126.915985,92.675354,120.25,84.804756,30.391739
2017-04-26,205.68338,83.086479,61.239502,126.737503,93.186607,120.839996,85.028442,30.278584
2017-04-27,205.855988,83.162766,61.284565,127.498245,93.156097,120.389999,85.084358,30.323851
2017-04-28,205.407364,83.307655,61.352356,127.723694,93.362129,120.769997,85.172287,30.301224
2017-05-01,205.925018,83.092918,61.237736,128.860107,92.58596,119.669998,84.988235,30.384184
2017-05-02,206.002625,83.207504,61.343277,129.076157,93.060089,119.650002,85.164291,30.565239
2017-05-03,205.752457,83.123497,61.275455,128.662857,93.121277,117.980003,84.988235,30.467173
2017-05-04,205.994034,83.054695,61.207611,128.709885,92.662445,116.790001,84.796196,30.685926
2017-05-05,206.805023,83.069969,61.245266,129.179443,92.746529,117.010002,84.812233,30.995197
2017-05-08,206.770554,82.909523,61.139774,129.461227,92.241852,116.75,84.604172,30.851877
2017-05-09,206.580688,82.917137,61.109604,129.912033,92.234268,116.050003,84.508148,30.799084
2017-05-10,206.95166,82.940063,61.102039,129.987167,92.127213,116.040001,84.47612,30.844328
2017-05-11,206.528961,82.932434,61.147274,129.883896,92.127213,116.5,84.540161,30.783985
2017-05-12,206.183853,83.238083,61.328171,130.175018,92.823006,116.830002,84.972237,30.919769
2017-05-15,207.322693,83.207504,61.313129,130.588303,92.570709,117.139999,84.916214,31.100813
2017-05-16,207.13295,83.314537,61.373482,131.133011,92.914803,117.650002,85.028244,31.259212
2017-05-17,203.457458,83.742477,61.705147,127.798813,94.268265,119.790001,85.708405,30.882044
2017-05-18,204.27713,83.69664,61.652374,128.916428,94.375298,118.809998,85.684387,30.942398
2017-05-19,205.605789,83.69664,61.69009,129.461227,94.597031,119.400002,85.660385,31.296923
2017-05-22,206.649719,83.643112,61.637333,130.550705,94.337082,119.900002,85.564377,31.379904
2017-05-23,207.106964,83.482651,61.509148,130.682251,93.702385,119.139999,85.340309,31.349737
2017-05-24,207.590149,83.627815,61.637333,131.283264,94.230042,119.610001,85.516403,31.417614
2017-05-25,208.582352,83.666061,61.637333,132.40097,94.26059,119.480003,85.564377,31.410078
2017-05-26,208.539169,83.635521,61.667439,132.635773,94.421165,120.540001,85.620392,31.327085
2017-05-30,208.357956,83.795982,61.75795,132.748474,94.887619,120.139999,85.836411,31.274296
2017-05-31,208.306259,83.880043,61.788055,132.701477,95.124687,120.620003,85.876465,31.334639
2017-06-01,209.962799,83.841774,61.804695,133.218094,95.134674,120.720001,85.831558,31.545858
2017-06-02,210.661606,84.117432,62.008675,134.739655,96.26107,121.610001,86.208214,31.847593
2017-06-05,210.506241,83.987251,61.910458,134.711365,95.663414,121.730003,86.06395,31.711813
2017-06-06,209.833389,84.155716,62.023792,134.176086,96.184425,123.099998,86.336426,31.636374
2017-06-07,210.221588,84.056175,61.940655,134.702026,95.724686,122.449997,86.176178,31.613752
2017-06-08,210.325119,83.971939,61.895348,134.842941,95.471817,121.650002,86.039932,31.568491
2017-06-09,210.005905,83.903038,61.842434,131.47113,95.326218,120.540001,85.959808,31.455345
2017-06-12,209.962799,83.903038,61.827332,130.766708,95.29557,120.360001,85.943748,31.357267
2017-06-13,210.989456,83.925987,61.842434,131.828064,95.31089,120.480003,85.9758,31.628828
2017-06-14,210.72197,84.194054,62.069153,131.255112,96.782166,119.82,86.424622,31.591118
2017-06-15,210.316528,84.140404,62.00111,130.672852,96.628899,119.32,86.272354,31.251669
2017-06-16,210.362457,84.194054,62.069153,130.105835,96.820473,119.339996,86.320427,31.53076
2017-06-19,212.113754,84.07917,61.978466,132.281372,96.682579,118.43,86.080017,31.643909
2017-06-20,210.683182,84.209335,62.069153,131.245392,97.548477,118.18,86.296371,31.357267
2017-06-21,210.631195,84.224632,62.099323,132.545074,97.747688,118.519997,86.288399,31.328279
2017-06-22,210.535843,84.262947,62.122002,132.507401,97.96225,118.919998,86.368515,31.389339
2017-06-23,210.787277,84.278259,62.137085,133.0159,97.916252,119.43,86.392532,31.458014
2017-06-26,210.925964,84.354858,62.205112,132.394363,98.284103,118.360001,86.464729,31.519066
2017-06-27,209.226669,84.102112,61.993587,129.992844,97.234268,118.809998,86.039932,31.511431
2017-06-28,211.09935,84.13279,61.993587,131.867004,96.912468,118.900002,85.959808,31.793804
2017-06-29,209.244064,83.971939,61.865131,129.578445,96.100128,118.32,85.639206,31.473278
2017-06-30,209.634171,83.864738,61.819824,129.62561,95.877937,118.019997,85.43885,31.534332
2017-07-03,209.989609,83.715103,61.826656,128.259964,95.569283,116.089996,85.125061,31.473278
2017-07-05,210.475174,83.761162,61.864574,129.521942,95.592247,116.519997,85.189255,31.488539
2017-07-06,208.550446,83.599983,61.720463,128.354095,94.801384,116.470001,85.028717,31.297747
2017-07-07,209.902954,83.569305,61.705227,129.738586,94.233162,115.279999,84.892288,31.351162
2017-07-10,210.128326,83.607628,61.735626,130.586182,94.371399,115.470001,85.004684,31.404581
2017-07-11,209.972336,83.684425,61.796238,130.953461,94.532616,115.620003,85.117035,31.503792
2017-07-12,211.550217,83.937637,61.940426,132.507401,95.185341,116.029999,85.365807,31.786184
2017-07-13,211.905655,83.845558,61.917656,132.799301,94.586365,115.82,85.277565,31.877752
2017-07-14,212.894028,83.929977,61.940426,133.844711,94.701591,116.769997,85.397926,32.106705
2017-07-17,212.867981,83.968307,62.023899,133.910614,94.962631,117.290001,85.502289,32.05328
2017-07-18,212.980743,84.160172,62.168003,134.805298,95.791916,118.110001,85.815315,32.121983
2017-07-19,214.133789,84.183182,62.175571,135.59642,95.83036,118.080002,85.815315,32.274605
2017-07-20,214.229156,84.206223,62.213535,135.775345,96.106781,118.239998,85.839371,32.381451
2017-07-21,214.038437,84.352043,62.281803,135.718826,96.513741,119.260002,85.991867,32.297512
2017-07-24,213.98642,84.275284,62.251488,136.340408,96.137466,119.309998,85.935707,32.236462
2017-07-25,214.506607,83.975983,62.01627,135.991959,94.885841,118.919998,85.454163,32.259338
2017-07-26,214.515244,84.137154,62.168003,136.434525,95.039429,119.879997,85.72699,32.465405
2017-07-27,214.315872,84.014381,62.092125,135.577591,94.571007,119.790001,85.590523,32.343292
2017-07-28,214.064407,84.183182,62.20594,135.464508,95.131577,120.690002,85.735016,32.373821
2017-07-31,213.943039,84.144836,62.198338,134.890091,95.246758,120.75,85.759125,32.442505
2017-08-01,214.419922,84.375526,62.451279,135.200836,95.915466,120.650002,85.972122,32.625668
2017-08-02,214.523895,84.31398,62.413189,135.56813,95.96936,120.400002,85.891754,32.610405
2017-08-03,214.107803,84.483192,62.54269,135.040741,96.962059,120.589996,86.189209,32.564617
2017-08-04,214.497879,84.344742,62.443634,135.285538,96.138664,119.650002,85.9561,32.610405
2017-08-07,214.896713,84.33709,62.466499,136.142578,96.246437,119.510002,86.004272,32.633301
2017-08-08,214.367874,84.26017,62.382687,135.90715,95.90007,119.860001,85.9319,32.465405
2017-08-09,214.359207,84.33709,62.428406,135.728226,96.423393,121.309998,86.036407,32.381451
2017-08-10,211.333435,84.421715,62.519833,132.818192,97.24678,122.209999,86.357986,31.915926
2017-08-11,211.645584,84.490906,62.573151,133.825836,97.292946,122.790001,86.454453,31.908279
2017-08-14,213.743622,84.452408,62.527454,135.549316,96.792778,121.919998,86.245476,32.129608
2017-08-15,213.717651,84.329369,62.420818,135.643478,96.384911,120.980003,85.988205,32.099087
2017-08-16,214.090469,84.483192,62.512234,135.878891,96.738876,121.870003,86.148964,32.297512
2017-08-17,210.752563,84.606209,62.626507,133.100693,97.46225,122.489998,86.454453,31.931173
2017-08-18,210.423126,84.552429,62.596001,133.006592,97.439186,122.300003,86.470505,32.022758
2017-08-21,210.58786,84.613953,62.626507,132.83696,97.677696,122.760002,86.526825,32.030407
2017-08-22,212.789963,84.537018,62.550285,134.861816,97.300667,122.209999,86.357986,32.190662
2017-08-23,212.027054,84.729279,62.733124,134.381531,97.962479,122.669998,86.655441,32.205921
2017-08-24,211.532806,84.621635,62.641731,133.985916,97.600761,122.290001,86.518776,32.167763
2017-08-25,212.027054,84.683189,62.717918,133.703491,97.977844,122.739998,86.663467,32.358566
2017-08-28,212.03566,84.713928,62.748379,134.117828,97.91629,124.690002,86.743835,32.358566
2017-08-29,212.278473,84.836922,62.816936,134.645218,98.231796,124.419998,86.944817,32.22118
2017-08-30,213.284164,84.821556,62.809296,136.227341,98.201057,124.360001,86.872437,32.175392
2017-08-31,214.567337,84.936905,62.862617,137.687149,98.493439,125.82,87.009117,32.450138
2017-09-01,214.870682,84.74424,62.758854,137.498795,97.740051,126.059998,86.753143,32.5112
2017-09-05,213.327499,85.091049,63.01833,136.265045,99.290009,127.459999,87.356895,32.274605
2017-09-06,214.055725,84.998589,62.911514,136.679367,98.680824,126.809998,87.147614,32.5112
2017-09-07,214.0298,85.206619,63.109951,136.999634,99.691017,128.130005,87.525978,32.778301
2017-09-08,213.778336,85.106422,63.041267,135.813019,99.475067,127.970001,87.461563,32.770683
2017-09-11,216.058456,84.875252,62.850445,137.376343,98.287544,126.190002,86.962395,33.014893
2017-09-12,216.786697,84.751961,62.758854,137.705948,97.77092,126.559998,86.753143,33.08358
2017-09-13,216.890732,84.667213,62.68248,137.894333,97.385368,125.610001,86.575989,32.930923
2017-09-14,216.82135,84.71344,62.720646,137.084381,97.786324,126.160004,86.592079,33.022522
2017-09-15,217.113327,84.698067,62.728275,137.555283,97.824898,125.529999,86.696732,33.037788
2017-09-18,217.575073,84.659508,62.68248,137.375061,97.261925,124.360001,86.358612,33.091209
2017-09-19,217.792862,84.613251,62.636669,137.610962,97.022926,124.620003,86.262032,33.251472
2017-09-20,217.871323,84.543884,62.583206,137.186249,97.092316,123.620003,86.092972,33.166405
2017-09-21,217.287521,84.52845,62.567959,136.346252,97.038322,122.68,85.980247,33.112766
2017-09-22,217.331085,84.590126,62.629059,136.214111,97.315933,123.239998,86.133179,33.189404
2017-09-25,216.886734,84.790527,62.766476,134.77948,97.925102,124.529999,86.390816,33.043804
2017-09-26,217.017471,84.759682,62.735931,135.128662,97.747757,123.139999,86.318382,32.921185
2017-09-27,217.862549,84.5131,62.545067,136.346252,96.274933,121.980003,85.875549,32.967159
2017-09-28,218.123993,84.520805,62.560326,136.299011,95.989609,122.209999,85.859444,33.074455
2017-09-29,218.89064,84.451416,62.567959,137.280624,96.205505,121.580002,85.75486,33.266041
2017-10-02,219.840408,84.503136,62.543476,137.403351,96.029358,120.769997,85.657249,33.227722
2017-10-03,220.310867,84.572647,62.574104,137.695892,96.122078,120.830002,85.778198,33.357979
2017-10-04,220.572205,84.549484,62.574104,137.828049,96.129814,121.169998,85.754005,33.29668
2017-10-05,221.879135,84.51088,62.528172,139.177704,95.766655,120.519997,85.665321,33.266041
2017-10-06,221.62645,84.387291,62.459347,139.366501,95.496208,121.089996,85.560532,33.227722
2017-10-09,221.260559,84.503136,62.520538,139.206055,95.797569,122.080002,85.657249,33.243046
2017-10-10,221.844345,84.51088,62.551125,139.309891,95.952087,122.400002,85.689484,33.549572
2017-10-11,222.192825,84.526337,62.581718,139.725113,96.13752,122.790001,85.78627,33.664524
2017-10-12,221.861725,84.626732,62.635269,139.470291,96.547073,122.889999,85.866898,33.664524
2017-10-13,222.131805,84.835266,62.765347,140.008286,97.242432,123.82,86.157135,33.833103
2017-10-16,222.428055,84.750252,62.704144,140.489685,97.172905,122.970001,86.012032,33.802452
2017-10-17,222.584885,84.719337,62.711788,140.668976,97.296532,122.129997,85.979759,33.725822
2017-10-18,222.802719,84.588081,62.612335,140.499115,96.65522,121.669998,85.762115,33.787125
2017-10-19,222.863663,84.649895,62.642933,139.979996,96.825188,122.389999,85.850746,33.725822
2017-10-20,224.013702,84.402763,62.489941,140.357513,95.797569,121.610001,85.496017,33.679848
2017-10-23,223.142517,84.495445,62.543476,139.442001,95.967537,121.800003,85.576622,33.595554
2017-10-24,223.534561,84.317833,62.436386,139.677963,95.372543,121.330002,85.318634,33.672176
2017-10-25,222.428055,84.263771,62.38282,139.14946,94.916656,121.349998,85.181587,33.534241
2017-10-26,222.715576,84.171127,62.306347,138.705841,94.599892,120.330002,85.068672,33.495926
2017-10-27,224.536484,84.356415,62.444027,142.745453,95.225739,120.900002,85.342812,33.626194
2017-10-30,223.700134,84.588081,62.589397,143.06636,96.13752,121.129997,85.649216,33.702843
2017-10-31,224.048599,84.534081,62.551125,143.60434,96.168434,120.669998,85.592758,33.85611
2017-11-01,224.344894,84.571205,62.59177,143.557114,96.596588,121.110001,85.644424,33.932724
2017-11-02,224.431976,84.617584,62.653053,143.283401,97.022484,121.190002,85.757507,34.001698
2017-11-03,225.18129,84.694992,62.706749,144.661453,97.285782,120.620003,85.894775,33.971043
2017-11-06,225.5298,84.772377,62.752769,145.152222,97.649704,121.650002,85.999733,34.032356
2017-11-07,225.373001,84.795609,62.775715,145.237152,98.060097,121.209999,86.032043,33.917412
2017-11-08,225.756302,84.74144,62.729774,145.822296,97.843292,121.629997,85.927109,34.062996
2017-11-09,224.937317,84.679535,62.668419,145.05777,97.564537,122.129997,85.894775,33.833103
2017-11-10,224.867599,84.339043,62.415459,145.04837,96.093338,121.129997,85.458702,33.74881
2017-11-13,225.076706,84.339043,62.423111,145.227737,96.294632,121.309998,85.418388,33.618553
2017-11-14,224.553986,84.424149,62.499767,144.699158,96.945084,121.559998,85.539497,33.587887
2017-11-15,223.430038,84.58667,62.645432,144.019608,97.998116,121.410004,85.846329,33.426956
2017-11-16,225.329422,84.493805,62.5611,145.860062,97.146408,121.400002,85.628288,33.74881
2017-11-17,224.667206,84.58667,62.622444,145.303207,97.866539,122.860001,85.741386,33.618553
2017-11-20,225.050613,84.540237,62.584114,145.189987,97.827789,121.309998,85.604088,33.679848
2017-11-21,226.523071,84.625374,62.637794,146.766174,98.137505,121.510002,85.620209,33.940403
2017-11-22,226.322708,84.772377,62.768089,146.945496,98.455025,122.629997,85.894775,34.055351
2017-11-24,226.845428,84.756905,62.752769,147.483444,98.18399,122.32,85.82206,34.26992
2017-11-27,226.732132,84.756905,62.729774,147.417419,98.044586,122.830002,85.878609,34.055351
2017-11-28,229.032318,84.756905,62.729774,147.794937,98.176224,122.809998,85.894775,34.223938
2017-11-29,228.892899,84.548019,62.576408,145.218277,97.208359,122.040001,85.620209,34.078335
2017-11-30,230.896957,84.408707,62.484447,146.435822,96.883087,121.099998,85.353737,34.147312
2017-12-01,230.417648,84.649864,62.651905,145.812912,98.190514,121.589996,85.669159,34.047684
2017-12-04,230.138916,84.642113,62.65958,144.132858,98.237053,121.18,85.628716,33.909744
2017-12-05,229.311111,84.727425,62.736408,144.22728,98.725945,120.32,85.693428,33.863758
2017-12-06,229.354706,84.812737,62.80555,144.878448,99.067291,120.07,85.871368,33.710495
2017-12-07,230.077866,84.704163,62.72102,145.369293,98.291412,118.489998,85.71769,33.810123
2017-12-08,231.332565,84.673103,62.697994,146.011093,98.299133,118.480003,85.652985,34.001698
2017-12-11,232.029495,84.642113,62.651905,147.143723,98.097412,118.010002,85.596367,34.07066
2017-12-12,232.43898,84.60334,62.64418,146.945496,98.058655,118.150002,85.52359,34.093662
2017-12-13,232.412903,84.843742,62.82085,147.228638,98.795738,119.169998,85.871368,34.239262
2017-12-14,231.463211,84.866997,62.843899,147.124786,99.214737,118.93,85.838943,34.078335
2017-12-15,233.390717,84.890259,62.851624,148.795395,99.587158,119.18,85.822815,34.055351
2017-12-18,234.870682,84.781654,62.75172,150.042908,98.679344,119.730003,85.628716,34.438492
2017-12-19,233.968674,84.533562,62.559692,149.153824,97.399109,119.82,85.240524,34.331223
2017-12-20,233.846008,84.339684,62.436844,148.993057,96.32058,120.139999,84.989822,34.308216
2017-12-21,234.327667,84.414116,62.475197,149.012024,96.881958,120.309998,85.049774,34.418114
2017-12-22,234.266403,84.452927,62.505981,148.841721,97.014168,120.940002,85.082169,34.503223
2017-12-26,233.986237,84.522743,62.568325,148.037781,97.301865,121.769997,85.114594,34.510952
2017-12-27,234.100067,84.786499,62.760838,148.056717,98.56926,122.230003,85.47908,34.596081
2017-12-28,234.581696,84.724449,62.722359,148.23642,98.483742,122.849998,85.373764,34.704414
2017-12-29,233.697189,84.809753,62.822517,147.319,98.639236,123.650002,85.511467,34.712151
2018-01-02,235.369858,84.685661,62.645355,149.901016,97.573997,125.150002,85.227997,35.013912
2018-01-03,236.858566,84.693428,62.699276,151.35759,98.04052,124.82,85.317047,35.230598
2018-01-04,237.856827,84.639091,62.668449,151.622391,98.024963,125.459999,85.276566,35.547832
2018-01-05,239.441971,84.584816,62.583748,153.145157,97.745071,125.330002,85.171303,35.718067
2018-01-08,239.879883,84.561508,62.591434,153.741013,97.682816,125.309998,85.13076,35.702587
2018-01-09,240.422775,84.328796,62.406601,153.750473,96.376564,124.730003,84.725777,35.733551
2018-01-10,240.054993,84.328796,62.414288,153.391052,96.259964,125.029999,84.701431,35.64069
2018-01-11,241.806458,84.367607,62.414288,154.440948,96.656487,125.440002,84.758125,35.872833
2018-01-12,243.382751,84.352051,62.406601,155.575882,96.819801,126.959999,84.701431,36.213295
2018-01-16,242.550781,84.375359,62.452797,155.131317,97.224144,127.169998,84.741974,36.17461
2018-01-17,244.862762,84.28228,62.383484,156.80542,97.091919,126.139999,84.555641,36.368053
2018-01-18,244.451096,84.096138,62.260265,156.833832,96.189987,125.860001,84.288353,36.282944
2018-01-19,245.563309,83.917702,62.129345,157.325577,95.684578,126.419998,84.069633,36.445431
2018-01-22,247.559906,83.886642,62.083126,159.009155,95.777893,126.650002,84.03727,36.638874
2018-01-23,248.085495,84.088348,62.244877,160.323792,96.189987,127.279999,84.280273,36.754948
2018-01-24,247.989059,84.003044,62.175556,159.283386,95.668983,128.830002,84.118294,36.871021
2018-01-25,248.094116,84.22023,62.344971,159.226669,96.454346,127.970001,84.304581,36.739456
2018-01-26,250.966583,84.065063,62.229446,161.66687,96.096657,128.070007,84.053436,37.048992
2018-01-29,249.302612,83.917702,62.144733,160.881897,95.428009,127.349998,83.842842,36.708519
2018-01-30,246.745605,83.785805,62.029228,159.557739,94.868141,126.800003,83.64846,36.429955
2018-01-31,246.868134,83.855667,62.044651,160.219849,95.428009,127.650002,83.67276,36.360317
2018-02-01,246.587845,83.592834,61.872501,158.857849,94.044952,128.070007,83.24118,36.453163
2018-02-02,241.219757,83.34404,61.687237,155.689377,93.172295,126.389999,82.932869,35.663898
2018-02-05,231.131317,83.678352,61.957394,149.551102,94.052704,126.709999,83.614334,34.209187
2018-02-06,235.685089,83.437332,61.756725,153.514008,93.46843,125.379997,83.249245,34.874645
2018-02-07,234.406494,83.250763,61.617764,151.527817,92.580162,124.790001,83.005836,34.40263
2018-02-08,225.614197,83.110847,61.57148,145.134171,92.478867,124.980003,83.078873,33.55146
2018-02-09,229.00322,83.001984,61.41708,147.640579,91.89444,124.769997,82.932869,33.783604
2018-02-12,232.366058,83.025284,61.432537,150.260483,92.299644,125.370003,82.908485,34.232399
2018-02-13,232.944046,83.048599,61.486568,151.036057,92.712555,126.080002,83.046364,34.100849
2018-02-14,236.087845,82.768761,61.2859,153.863953,91.684082,128.229996,82.543396,34.774044
2018-02-15,239.100388,82.869827,61.347649,156.720322,91.995804,128.380005,82.567749,34.99844
2018-02-16,239.170471,83.033081,61.478874,156.020432,92.494392,127.959999,82.762482,35.122253
2018-02-20,237.673019,82.947533,61.41708,156.332535,92.089302,126.239998,82.673218,34.766315
2018-02-21,236.490646,82.683205,61.185543,155.888016,90.959473,125.660004,82.429817,34.634769
2018-02-22,236.797272,82.690948,61.262707,155.869064,91.232185,126.300003,82.543396,34.781792
2018-02-23,240.57164,82.900894,61.424812,159.056427,92.042511,126.139999,82.85981,35.129993
2018-02-26,243.36525,82.963089,61.4557,161.165588,92.073677,126.449997,82.957176,35.408554
2018-02-27,240.326477,82.784279,61.324451,159.169937,91.941238,125.129997,82.697556,34.866909
2018-02-28,237.891998,83.009743,61.401649,158.148529,92.52562,125.0,82.892288,34.503223
2018-03-01,234.432892,83.083778,61.5061,155.566483,93.157196,124.720001,83.248978,34.054424
2018-03-02,235.641266,82.951317,61.39006,156.994583,92.399895,125.389999,82.940201,34.155022
2018-03-05,238.364822,82.904572,61.351387,158.734894,92.150063,125.18,82.834534,34.294292
2018-03-06,238.96907,82.920158,61.374573,159.406433,92.235901,126.529999,82.826462,34.580601
2018-03-07,238.88147,82.904572,61.359112,159.775238,92.134468,125.720001,82.826462,34.541908
2018-03-08,240.037445,83.03701,61.42873,160.654877,92.665375,125.419998,82.997093,34.642498
2018-03-09,244.214722,82.881187,61.351387,163.776047,92.056412,125.540001,82.818336,34.897858
2018-03-12,243.908173,82.927948,61.413284,164.64624,92.587288,125.540001,83.013344,34.952015
2018-03-13,242.331879,83.03701,61.42873,162.404617,93.055725,125.779999,83.151482,34.735359
2018-03-14,241.088379,83.177269,61.560219,162.376236,93.875473,125.699997,83.314018,34.789528
2018-03-15,240.825623,83.185089,61.56794,162.234375,93.875473,124.900002,83.281487,34.781792
2018-03-16,241.0867,83.138313,61.513786,161.752014,93.539787,124.599998,83.183945,34.735359
2018-03-19,237.824844,83.05262,61.46743,158.300903,93.243095,124.870003,83.102737,34.449059
2018-03-20,238.229279,82.920158,61.39006,158.821869,92.86834,124.309998,82.940201,34.480007
2018-03-21,237.772018,82.912369,61.39006,158.130371,92.969818,126.480003,82.997093,34.565125
2018-03-22,231.8284,83.068222,61.490589,154.22728,93.89109,125.980003,83.338356,33.930622
2018-03-23,226.88707,83.068222,61.5061,150.163177,93.820854,127.610001,83.452133,33.512783
2018-03-26,233.094543,83.03701,61.46743,155.742981,93.461662,128.279999,83.224625,34.112389
2018-03-27,229.129135,83.278564,61.67625,150.70311,94.461029,127.489998,83.695923,33.832775
2018-03-28,228.452087,83.32534,61.66851,148.969528,94.710869,125.730003,83.679649,33.995888
2018-03-29,231.371216,83.566879,61.823189,151.697891,95.171516,125.790001,83.850311,34.36869
2018-04-02,226.37709,83.483307,61.815472,147.321182,95.359314,127.260002,83.93576,33.856071
2018-04-03,229.278595,83.389603,61.74564,148.979019,94.623848,126.300003,83.667145,34.120163
2018-04-04,231.731674,83.420807,61.74564,151.32843,94.42823,126.449997,83.618301,34.197823
2018-04-05,233.560562,83.303703,61.660366,152.190445,93.724091,125.800003,83.406708,34.454136
2018-04-06,228.355377,83.491112,61.815472,148.382202,94.749001,126.389999,83.772987,34.174526
2018-04-09,229.480835,83.561401,61.877483,149.42421,94.905472,126.82,83.789276,34.46965
2018-04-10,233.129639,83.498894,61.768948,152.720978,94.73336,127.120003,83.642754,34.850246
2018-04-11,231.907532,83.569214,61.815472,151.839951,95.069801,128.110001,83.724129,34.687141
2018-04-12,233.815445,83.38176,61.6991,153.66835,94.373459,126.620003,83.422981,34.819164
2018-04-13,233.129639,83.405205,61.74564,152.872574,94.592529,127.449997,83.496201,34.850246
2018-04-16,235.046371,83.420807,61.75341,154.037842,94.623848,127.629997,83.455559,34.912376
2018-04-17,237.560989,83.444283,61.776672,157.3535,94.882019,127.75,83.504356,35.091011
2018-04-18,237.736862,83.209969,61.575077,157.675583,94.123093,127.849998,83.178764,35.30072
2018-04-19,236.418015,83.006897,61.427769,156.226151,93.356331,127.599998,82.950882,35.137615
2018-04-20,234.41333,82.780441,61.272659,153.753601,92.683456,126.629997,82.674156,34.966743
2018-04-23,234.378189,82.741402,61.241653,153.365173,92.706909,125.620003,82.592735,34.92791
2018-04-24,231.221725,82.632095,61.133099,150.115799,92.284462,126.230003,82.495064,34.77256
2018-04-25,231.793198,82.522713,61.047794,150.295776,91.666344,125.410004,82.315956,34.694893
2018-04-26,234.149567,82.66333,61.171871,153.4599,92.307922,124.970001,82.552032,34.951214
2018-04-27,234.369324,82.764816,61.264931,153.554642,93.019905,125.5,82.690407,34.990047
2018-04-30,232.566971,82.780441,61.295929,152.465225,93.184212,124.589996,82.779938,34.803642
2018-05-01,232.98024,82.710022,61.201115,154.208374,92.848595,123.709999,82.650269,34.77256
2018-05-02,231.415176,82.710022,61.2089,153.298889,92.746613,123.650002,82.666595,34.725967
2018-05-03,230.905136,82.803909,61.263306,153.279907,93.162239,124.279999,82.878601,34.795876
2018-05-04,233.894562,82.858688,61.302132,156.188278,93.303398,124.540001,82.886765,34.92791
2018-05-07,234.685928,82.819572,61.271061,157.48616,93.154396,124.57,82.845993,34.920143
2018-05-08,234.685928,82.725662,61.224403,157.325089,93.068153,124.589996,82.707359,34.920143
2018-05-09,236.954315,82.631737,61.154484,159.03981,92.511429,124.330002,82.519798,35.028881
2018-05-10,239.170013,82.819572,61.278862,160.688156,93.256325,125.18,82.691086,35.277424
2018-05-11,239.899811,82.858688,61.341038,160.536575,93.49157,125.0,82.699211,35.347317
2018-05-14,240.014023,82.780449,61.263306,160.811295,92.997574,124.489998,82.519798,35.409462
2018-05-15,238.361191,82.412582,60.975739,159.030289,91.939011,122.480003,82.063103,35.114315
2018-05-16,239.363541,82.318634,60.929119,160.081818,91.586143,122.290001,81.891853,35.223042
2018-05-17,239.161209,82.209053,60.874718,159.466095,91.12352,122.360001,81.842911,35.26965
2018-05-18,238.56337,82.420395,61.037895,158.641907,91.907646,122.410004,82.160973,35.145382
2018-05-21,240.356979,82.428223,61.037895,159.532379,91.954651,122.480003,82.218094,35.370613
2018-05-22,239.688736,82.428223,61.053436,159.323975,91.813538,122.410004,82.185455,35.347317
2018-05-23,240.34816,82.655174,61.239975,160.669159,92.480034,122.540001,82.56057,35.013348
2018-05-24,239.855774,82.882195,61.364319,160.621872,93.217117,123.589996,82.772583,34.896843
2018-05-25,239.284332,83.062233,61.49641,160.782898,93.797386,123.209999,83.098793,34.702679
2018-05-29,236.532227,83.610123,61.923855,160.072403,95.851814,123.190002,83.995827,34.003639
2018-05-30,239.688736,83.398788,61.737362,161.218643,95.208824,123.370003,83.637024,34.492966
2018-05-31,238.220474,83.328354,61.714039,161.114502,95.051979,123.099998,83.596245,34.306561
2018-06-01,240.559235,83.225594,61.752277,163.643875,94.549767,122.489998,83.287361,34.562855
2018-06-04,241.702271,83.029457,61.619598,165.121674,93.865997,122.370003,82.993233,34.718201
2018-06-05,241.878143,83.092216,61.674225,165.63324,94.086021,122.849998,83.205673,34.679367
2018-06-06,243.900269,82.903908,61.50243,166.599579,93.323715,122.919998,82.870682,34.974518
2018-06-07,243.873932,83.084381,61.658604,165.244827,94.227562,122.860001,83.221992,34.77256
2018-06-08,244.59494,82.966682,61.580524,165.254349,93.944588,123.010002,83.107605,34.834713
2018-06-11,244.920319,82.880371,61.525856,165.69957,93.771667,123.230003,83.025902,35.059952
2018-06-12,245.23674,82.903908,61.518059,166.571121,93.795258,122.82,82.976906,34.842468
2018-06-13,244.454285,82.825447,61.479042,166.561661,93.748077,123.190002,82.878845,34.858021
2018-06-14,245.069702,83.037277,61.611744,168.247925,94.526199,123.379997,83.14035,34.77256
2018-06-15,244.757065,83.068665,61.619598,167.660568,94.612709,121.339996,83.205673,34.531792
2018-06-18,244.253601,83.084381,61.619598,167.56369,94.526199,121.110001,83.246544,34.291023
2018-06-19,243.317444,83.170677,61.721085,167.089035,95.076378,120.800003,83.46714,33.918209
2018-06-20,243.73259,83.013741,61.580524,168.275772,94.243225,120.260002,83.197517,33.988113
2018-06-21,242.204636,83.037277,61.611744,166.813751,94.738411,120.050003,83.418137,33.7551
2018-06-22,242.646194,83.115738,61.650768,166.443512,94.730545,120.339996,83.434448,34.116871
2018-06-25,239.343109,83.068665,61.643021,162.693497,94.942764,119.889999,83.548828,33.637135
2018-06-26,239.873016,83.202011,61.744495,163.358047,95.076378,119.260002,83.589722,33.67646
2018-06-27,237.885818,83.351112,61.89283,161.136551,95.972366,118.580002,83.908394,33.369736
2018-06-28,239.246002,83.343231,61.845993,162.522583,95.995903,118.220001,83.826683,33.487698
2018-06-29,239.590408,83.413879,61.830338,162.959366,95.665794,118.650002,83.761276,33.739376
2018-07-02,240.102646,83.334442,61.792004,164.051025,95.591019,117.459999,83.703995,33.377598
2018-07-03,239.254761,83.507423,61.917252,162.152328,96.103027,118.650002,83.916801,33.448383
2018-07-05,241.206619,83.58606,62.003304,164.165009,96.378761,119.050003,83.925049,33.660732
2018-07-06,243.246796,83.672523,62.073772,166.718857,96.693825,118.860001,83.998749,33.888805
2018-07-09,245.437119,83.593918,62.018993,168.218796,96.071503,119.150002,83.785873,34.195526
2018-07-10,246.320358,83.531021,61.979839,168.342209,96.063583,118.93,83.720367,34.23484
2018-07-11,244.518509,83.562485,62.011169,167.487793,96.433861,117.639999,83.892281,33.637135
2018-07-12,246.735397,83.664703,62.058094,170.373886,96.425995,118.129997,83.85952,33.920261
2018-07-13,246.929688,83.743294,62.112846,170.516281,96.670197,117.610001,83.998749,34.014645
2018-07-16,246.708847,83.648979,62.026794,170.108032,96.268433,117.550003,83.85952,34.022507
2018-07-17,247.706894,83.617493,62.003304,171.142853,96.087234,116.279999,83.810425,34.061829
2018-07-18,248.227997,83.593918,61.971989,170.820084,95.701294,116.309998,83.744972,34.077557
2018-07-19,247.291779,83.719734,62.089428,169.965652,96.3078,115.809998,83.974152,33.935993
2018-07-20,247.009186,83.554611,61.948574,169.927673,95.126266,116.559998,83.679436,34.140484
2018-07-23,247.468369,83.263733,61.752903,170.468781,93.952484,116.0,83.270142,34.085423
2018-07-24,248.713684,83.381638,61.846825,171.171371,94.275482,116.040001,83.327431,34.297756
2018-07-25,250.833435,83.389488,61.846825,173.563751,94.125786,116.68,83.270142,34.557304
2018-07-26,250.241577,83.342316,61.846825,170.934021,93.944633,115.769997,83.180092,34.415733
2018-07-27,248.545929,83.405228,61.831184,168.627029,94.102158,115.830002,83.311073,34.502251
2018-07-30,247.247696,83.318726,61.760765,166.244125,93.779228,115.650002,83.204597,34.478645
2018-07-31,248.466461,83.389488,61.80769,167.516281,94.291214,115.989998,83.319244,34.510109
2018-08-01,248.051361,83.303619,61.77396,168.152344,93.523087,115.139999,83.122375,34.392151
2018-08-02,249.402557,83.335121,61.805367,170.440338,93.657257,114.519997,83.22081,34.132607
2018-08-03,250.471298,83.516357,61.938644,170.962494,94.123055,114.919998,83.434097,34.179794
2018-08-06,251.389694,83.571564,61.993603,171.968842,94.178314,114.330002,83.475098,34.014645
2018-08-07,252.220032,83.421806,61.883762,172.595398,93.688843,114.589996,83.302834,34.226982
2018-08-08,252.113998,83.421806,61.868073,172.80426,93.783569,114.910004,83.376694,34.219109
2018-08-09,251.769531,83.53997,61.985752,172.699829,94.573082,114.739998,83.606308,34.156197
2018-08-10,250.082611,83.721275,62.111256,171.380203,95.259933,114.690002,83.967255,33.511295
2018-08-13,249.146515,83.768585,62.119072,171.190384,95.062592,112.959999,83.942635,33.346146
2018-08-14,250.736237,83.689758,62.079868,172.263092,94.849457,113.07,83.860603,33.393326
2018-08-15,248.863907,83.807991,62.150486,170.155487,95.402054,111.190002,84.065605,32.882122
2018-08-16,250.877518,83.855309,62.181854,170.715668,95.394119,111.099998,84.041061,33.110207
2018-08-17,251.760681,83.902557,62.252445,170.753571,95.512589,112.129997,84.07386,33.33041
2018-08-20,252.299454,84.068039,62.330883,170.601685,96.152077,112.690002,84.336334,33.471985
2018-08-21,252.891144,83.997169,62.299538,171.228287,95.828369,113.019997,84.221504,33.692188
2018-08-22,252.741028,84.068039,62.338741,171.892853,96.207314,113.269997,84.377342,33.857338
2018-08-23,252.405472,84.020775,62.338741,171.646027,96.35733,112.199997,84.369118,33.605671
2018-08-24,253.924515,84.115334,62.370144,173.240952,96.546806,114.160004,84.393738,33.857338
2018-08-27,255.929352,84.005013,62.291664,175.006775,95.994186,114.589996,84.205109,34.321358
2018-08-28,256.052948,83.847389,62.197548,175.263123,95.417862,113.68,84.016434,34.24271
2018-08-29,257.430725,83.831665,62.158344,177.285294,95.544128,114.199997,83.991821,34.431458
2018-08-30,256.388672,83.871033,62.205387,176.972046,95.74942,113.639999,84.147697,34.124741
2018-08-31,256.3974,83.863144,62.221104,177.199844,95.528366,113.510002,84.164131,33.912403
2018-09-04,255.955826,83.769936,62.125134,176.440353,94.976028,112.93,83.971756,33.574223
2018-09-05,255.266968,83.730461,62.140911,174.16188,94.722824,113.32,83.963577,33.322548
2018-09-06,254.498672,83.872612,62.235214,172.604874,95.07103,113.540001,84.136162,33.204582
2018-09-07,254.003983,83.572456,62.038651,171.940353,94.263939,113.230003,83.758087,32.937183
2018-09-10,254.445541,83.651482,62.077961,172.51944,94.612083,113.150002,83.807373,33.118076
2018-09-11,255.284683,83.509277,61.94429,173.848572,93.892029,113.220001,83.503296,33.165253
2018-09-12,255.34642,83.56459,61.991486,173.335922,94.113586,114.169998,83.601929,33.306824
2018-09-13,256.856659,83.619888,62.030769,175.187225,94.25602,113.760002,83.593697,33.519173
2018-09-14,256.900818,83.461937,61.92857,174.67453,93.804977,113.019997,83.437538,33.589947
2018-09-17,255.54071,83.461937,61.920689,172.158722,93.804977,113.610001,83.454002,33.62141
2018-09-18,256.927368,83.280251,61.779202,173.582703,92.823776,113.440002,83.10878,33.967453
2018-09-19,257.201172,83.122284,61.684765,173.44986,92.26992,113.879997,82.96907,34.085423
2018-09-20,259.285431,83.232887,61.763447,175.367523,92.697189,114.269997,82.977287,34.45507
2018-09-21,259.048615,83.296051,61.802742,174.408707,92.657646,113.489998,83.010155,34.462921
2018-09-24,258.188049,83.217079,61.724129,174.893723,92.420227,113.470001,82.919746,34.313503
2018-09-25,257.948456,83.177574,61.676949,175.131516,92.325302,113.650002,82.837555,34.478645
2018-09-26,257.176514,83.375046,61.834206,175.255142,92.974144,113.050003,83.10878,34.492867
2018-09-27,257.895172,83.430328,61.881416,176.738831,93.037491,112.050003,83.10878,34.398144
2018-09-28,257.921783,83.343468,61.881416,176.700775,92.792122,112.760002,83.149864,34.153458
2018-10-01,258.817902,83.321266,61.765553,177.062256,92.110931,112.57,82.939041,34.240284
2018-10-02,258.667023,83.416298,61.875866,176.662796,92.674011,113.870003,83.153183,34.019268
2018-10-03,258.80899,83.020424,61.560631,176.852936,91.064117,113.419998,82.535507,33.964012
2018-10-04,256.786255,82.782883,61.402988,173.457611,90.421776,113.480003,82.321388,33.529896
2018-10-05,255.34906,82.600807,61.292656,171.336716,89.644608,113.800003,82.123734,33.364143
2018-10-08,255.34906,82.569145,61.268993,170.290543,89.343239,112.540001,82.156685,33.182613
2018-10-09,254.976349,82.687897,61.387238,170.842133,90.247314,112.599998,82.313148,33.064205
2018-10-10,246.903076,82.664131,61.339966,163.328629,90.001457,112.879997,82.35434,32.314358
2018-10-11,241.46463,82.909546,61.513336,161.302841,91.095848,115.779999,82.692024,31.864456
2018-10-12,244.81813,82.933342,61.497578,165.791946,90.778603,115.230003,82.593201,32.022308
2018-10-15,243.442947,82.877914,61.481815,163.785187,90.738968,116.0,82.642609,31.967066
2018-10-16,248.766129,82.9254,61.529114,168.550034,90.945198,115.800003,82.634361,32.519577
2018-10-17,248.810547,82.759109,61.418758,168.616638,90.405937,115.790001,82.395538,32.322254
2018-10-18,245.217361,82.703705,61.379349,164.707703,90.374222,115.919998,82.543762,31.809198
2018-10-19,245.084366,82.632492,61.347816,164.555527,90.175934,116.010002,82.444923,31.974958
2018-10-22,243.984222,82.616623,61.324169,165.401993,90.056976,115.709999,82.461403,31.825001
2018-10-23,242.742111,82.719551,61.410862,164.79332,90.342514,116.389999,82.675522,31.501377
2018-10-24,235.387436,82.933342,61.57642,157.251266,91.024513,116.660004,83.120232,30.633129
2018-10-25,239.610382,82.862091,61.505474,162.691406,90.643829,116.400002,82.92263,30.97254
2018-10-26,235.396286,83.052101,61.615795,158.506699,91.19101,116.769997,83.293175,30.712067
2018-10-29,234.092056,82.965012,61.560631,155.244492,90.984833,116.309998,83.284966,30.585768
2018-10-30,237.560989,82.846237,61.473927,157.802902,90.532822,115.800003,83.103775,30.964647
2018-10-31,240.098404,82.806625,61.347816,161.512085,90.072845,115.150002,82.897896,31.217228
2018-11-01,242.653442,83.015884,61.461605,163.642502,90.156334,116.629997,82.968842,31.627653
2018-11-02,241.216217,82.769241,61.232464,161.093628,89.0354,116.650002,82.506676,31.714481
2018-11-05,242.546936,82.824951,61.279877,160.694138,89.385185,116.370003,82.556206,31.698704
2018-11-06,244.081787,82.832924,61.271957,161.91153,89.329552,116.040001,82.465408,31.864456
2018-11-07,249.307297,82.90448,61.327286,166.990326,89.448776,116.029999,82.465408,32.259117
2018-11-08,248.854797,82.753319,61.224575,165.925064,89.440834,115.779999,82.349854,31.93549
2018-11-09,246.42392,82.856773,61.374691,163.128922,90.108574,114.480003,82.671738,31.706598
2018-11-12,241.819443,82.991997,61.469509,158.192795,90.696869,113.660004,82.919312,31.161978
2018-11-13,241.36705,83.023834,61.437897,158.325958,90.641235,113.699997,82.985367,31.280369
2018-11-14,239.716812,83.031807,61.485317,157.118088,90.696869,114.639999,83.158661,31.311932
2018-11-15,242.218643,83.135231,61.493225,159.86676,90.657143,114.769997,83.216461,31.414545
2018-11-16,242.848679,83.270523,61.627506,159.305573,91.181816,115.620003,83.472298,31.446131
2018-11-19,238.740936,83.262543,61.627506,154.131699,91.43618,115.669998,83.596123,31.185654
2018-11-20,234.322784,83.230705,61.58802,151.373596,91.46801,115.669998,83.579597,30.609453
2018-11-21,235.121201,83.2864,61.651257,152.524384,91.43618,115.860001,83.563042,31.059357
2018-11-23,233.550903,83.262543,61.643318,151.421097,91.531601,115.769997,83.612587,30.854139
2018-11-26,237.321472,83.24662,61.595894,154.921082,91.324875,115.639999,83.546539,31.27247
2018-11-27,238.119888,83.270523,61.635422,155.444183,91.428253,114.949997,83.629105,31.177761
2018-11-28,243.602707,83.429634,61.667042,160.446899,90.983086,115.379997,83.620834,31.635555
2018-11-29,243.070343,83.469421,61.714455,159.923767,91.340828,115.739998,83.835449,31.48559
2018-11-30,244.551941,83.445557,61.738132,161.084076,91.682617,115.540001,84.000496,31.375076
2018-12-03,247.790283,83.581932,61.834778,163.899246,92.333656,116.410004,84.18409,31.793413
2018-12-04,239.7612,83.805206,61.98526,157.612701,93.87941,117.120003,84.572823,30.988319
2018-12-06,239.397476,84.012581,62.096172,158.725433,94.174232,117.139999,84.787865,30.696283
2018-12-07,233.834839,84.124268,62.222855,153.48497,94.349533,118.089996,85.035965,30.372658
2018-12-10,234.278442,84.180061,62.28624,155.092331,94.739967,117.68,85.085571,30.112185
2018-12-11,234.331711,84.203972,62.294125,155.605881,94.72403,117.540001,84.870552,30.143749
2018-12-12,235.511581,84.140182,62.230774,156.975388,94.301735,117.790001,84.638969,30.617344
2018-12-13,235.431732,84.164085,62.278297,157.023026,94.078621,117.529999,84.688622,30.562092
2018-12-14,231.084641,84.188011,62.333782,153.199615,94.405266,117.059998,84.82093,30.143749
2018-12-17,226.55101,84.331573,62.452579,149.72821,94.955101,117.870003,85.069031,29.883282
2018-12-18,226.302597,84.5793,62.547588,150.669785,95.523758,118.150002,85.278709,29.91486
2018-12-19,222.913574,84.659225,62.658482,146.970062,96.785698,117.43,85.577049,29.591251
2018-12-20,219.285004,84.5793,62.571373,144.839691,96.434288,119.239998,85.46933,29.480736
2018-12-21,214.791962,84.539345,62.571373,140.350586,96.418358,118.720001,85.54393,28.904543
2018-12-24,209.116516,84.595322,62.585678,136.870178,96.897522,120.019997,85.759392,28.588665
2018-12-26,219.682114,84.435501,62.450653,145.416229,95.859207,119.660004,85.353287,29.314556
2018-12-27,221.368683,84.571327,62.585678,145.978973,95.875214,120.57,85.568802,29.33847
2018-12-28,221.083115,84.883011,62.736534,145.902618,96.681892,121.059998,86.032883,29.529919
2018-12-31,223.019608,85.098732,62.895332,147.133072,97.049286,121.25,86.356087,29.593731
2019-01-02,223.251587,85.162659,63.022373,147.724396,97.560432,121.330002,86.538383,29.553846
2019-01-03,217.924179,85.51432,63.268543,142.898224,98.670639,122.43,87.226273,29.314556
2019-01-04,225.22377,85.258598,63.077961,149.012009,97.528488,121.440002,86.521858,30.215923
2019-01-07,226.999496,85.114754,62.982681,150.786087,97.240944,121.860001,86.281502,30.31164
2019-01-08,229.132217,85.050812,62.903267,152.15004,96.985359,121.529999,86.066032,30.527012
2019-01-09,230.203094,85.122749,62.99062,153.390015,96.833656,122.309998,86.115768,30.90193
2019-01-10,231.015152,85.02681,62.863522,153.828751,96.21064,121.589996,86.074318,31.029549
2019-01-11,231.104401,85.146706,62.99062,153.266006,96.586044,121.800003,86.331253,30.838108
2019-01-14,229.694458,85.02681,62.935036,151.911575,96.226646,122.089996,86.281502,30.678574
2019-01-15,232.326889,85.042809,62.942966,154.877899,95.875214,121.879997,86.198593,30.870018
2019-01-16,232.889145,85.114754,62.966801,154.849319,95.971054,122.269997,86.148903,30.965734
2019-01-17,234.656021,85.050812,62.895332,156.07019,95.995018,122.110001,85.991463,31.069431
2019-01-18,237.779266,84.986855,62.84771,157.61528,95.491821,121.019997,85.717979,31.404448
2019-01-22,234.566772,85.058784,62.95887,154.458191,96.138802,121.449997,86.016296,30.917875
2019-01-23,235.057571,85.146706,63.022373,154.658539,96.098862,121.279999,85.974876,31.077404
2019-01-24,235.18248,85.290543,63.157375,155.660004,96.729805,121.089996,86.24836,31.117296
2019-01-25,237.172455,85.250587,63.085915,157.519928,96.266548,122.860001,86.049461,31.50816
2019-01-28,235.369888,85.20266,63.10973,155.574142,96.170731,123.290001,86.074318,31.35659
2019-01-29,235.057571,85.426392,63.236767,154.105316,96.657921,123.980003,86.322922,31.44434
2019-01-30,238.778656,85.618202,63.300285,158.025375,96.586044,124.690002,86.521858,31.795321
2019-01-31,240.875763,85.873871,63.594067,160.390869,97.416687,124.75,86.919655,31.803288
2019-02-01,240.99176,85.696068,63.417393,159.713669,96.828293,124.5,86.454567,31.787338
2019-02-04,242.687256,85.62397,63.36166,161.69754,96.396042,123.959999,86.263557,31.899017
2019-02-05,243.704529,85.808174,63.496971,163.128265,96.836319,124.279999,86.41304,32.154263
2019-02-06,243.383301,85.760139,63.473087,162.641846,96.884346,123.440002,86.479485,31.946875
2019-02-07,241.063278,85.800186,63.520859,160.457626,97.524742,123.739998,86.761833,31.540054
2019-02-08,241.357635,85.992455,63.61639,160.772385,97.940994,124.209999,86.878113,31.428387
2019-02-11,241.49147,85.904358,63.592506,160.619766,97.55677,123.599998,86.745232,31.364573
2019-02-12,244.596893,85.920341,63.584488,162.994736,97.308609,123.860001,86.628975,31.779366
2019-02-13,245.391098,85.768173,63.489014,163.109177,96.940407,123.370003,86.41304,31.787338
2019-02-14,244.846771,85.896332,63.600456,163.309509,97.492722,124.059998,86.819992,31.787338
2019-02-15,247.514954,85.960449,63.624355,163.996246,97.644829,124.800003,86.736946,32.218079
2019-02-19,247.943298,86.008507,63.680054,164.32045,97.892967,126.699997,86.886452,32.377621
2019-02-20,248.443039,86.016525,63.656178,164.291885,97.612846,126.480003,86.86982,32.505253
2019-02-21,247.559631,85.824249,63.528828,163.690994,96.74028,125.050003,86.612389,32.42548
2019-02-22,249.094452,86.040565,63.672081,164.902328,97.316605,125.5,86.86982,32.545128
2019-02-25,249.433502,86.016525,63.648251,165.503235,97.028419,125.370003,86.736946,32.648827
2019-02-26,249.255051,86.112633,63.735767,165.674896,97.508736,125.580002,86.9944,32.784431
2019-02-27,249.14798,85.928391,63.608418,165.569992,96.404045,124.690002,86.687126,32.680725
2019-02-28,248.68399,85.776169,63.536758,165.188507,96.075821,123.989998,86.462875,32.545128
2019-03-01,250.236679,85.637215,63.340515,166.333069,95.187836,121.879997,86.179092,32.744556
2019-03-04,249.326447,85.741669,63.452194,166.361603,95.933891,121.559998,86.445435,32.61692
2019-03-05,248.987305,85.797859,63.500034,166.485611,96.134415,121.720001,86.495323,32.640846
2019-03-06,247.479248,85.926361,63.579853,165.541367,96.487358,121.610001,86.736618,32.545128
2019-03-07,245.409012,86.167267,63.763355,163.509796,97.113068,121.510002,87.02784,32.130337
2019-03-08,244.918121,86.279724,63.843109,163.26178,97.522194,122.839996,87.152634,32.090443
2019-03-11,248.469727,86.287758,63.811249,166.657318,97.233406,122.239998,87.086098,32.385601
2019-03-12,249.406769,86.448372,63.96278,167.573029,97.915253,122.980003,87.327415,32.401539
2019-03-13,251.057709,86.408226,63.930897,168.832001,97.730736,123.839996,87.294106,32.640846
2019-03-14,250.896988,86.279724,63.875065,168.545807,97.024826,122.410004,87.169304,32.60894
2019-03-15,252.136597,86.496613,63.994759,170.110123,97.66658,122.970001,87.443886,32.936001
2019-03-18,253.050812,86.480515,63.954849,170.515228,97.610405,123.040001,87.327415,33.047676
2019-03-19,253.113495,86.432343,63.922939,171.088562,97.393829,123.379997,87.269173,33.13541
2019-03-20,252.351639,86.785675,64.202156,171.766953,98.412605,124.18,87.87661,33.1035
2019-03-21,255.201828,86.801788,64.218147,174.452042,98.629189,123.68,87.834938,33.13541
2019-03-22,250.290253,87.235443,64.569176,170.620331,100.161392,123.970001,88.484016,32.497269
2019-03-25,250.10202,87.39608,64.648941,170.295456,100.321815,124.919998,88.70871,32.497269
2019-03-26,251.966248,87.412109,64.66494,171.088562,100.249611,124.300003,88.633781,32.696686
2019-03-27,250.648727,87.596825,64.784592,169.989685,101.172157,123.650002,88.891769,32.648827
2019-03-28,251.598846,87.604904,64.816498,170.381439,101.525116,121.900002,88.90004,32.628811
2019-03-29,253.185303,87.596825,64.768623,171.671387,101.428856,122.010002,88.758591,32.740963
2019-04-01,256.187805,87.195923,64.512756,173.945541,99.988167,121.529999,88.148262,33.165543
2019-04-02,256.313232,87.292557,64.544716,174.604889,100.173042,121.980003,88.298347,33.189568
2019-04-03,256.716644,87.131516,64.456703,175.608231,99.304802,121.800003,88.023163,33.445923
2019-04-04,257.397827,87.195923,64.520714,175.541367,99.586174,122.110001,88.114929,33.38184
2019-04-05,258.643768,87.260353,64.568695,176.449097,99.714813,121.980003,88.156593,33.45393
2019-04-08,258.840851,87.2201,64.504723,176.898178,99.361092,122.510002,88.014862,33.477962
2019-04-09,257.514313,87.268379,64.600662,176.2771,99.674644,123.150002,88.173248,33.277706
2019-04-10,258.392731,87.437439,64.688644,177.223068,99.915794,123.529999,88.381721,33.413876
2019-04-11,258.321045,87.332779,64.576675,176.802643,99.328903,121.949997,88.181633,33.349792
2019-04-12,260.068817,87.163727,64.456703,177.567078,98.621452,121.830002,87.773071,33.598125
2019-04-15,259.89856,87.147644,64.472702,177.595688,98.870667,121.599998,87.889801,33.614151
2019-04-16,260.068817,86.994637,64.360733,178.207245,98.251617,120.510002,87.589638,33.670231
2019-04-17,259.432404,86.986656,64.360733,178.828415,98.291809,120.279999,87.606285,33.726307
2019-04-18,259.943329,87.099342,64.448715,179.057678,98.806396,120.370003,87.81472,33.662216
2019-04-22,260.167389,86.994637,64.384743,179.564148,98.332001,120.370003,87.689674,33.630177
2019-04-23,262.506714,87.147644,64.496689,181.847885,98.541031,120.120003,87.848114,33.710278
2019-04-24,261.924225,87.348915,64.664642,181.274536,99.345016,120.470001,88.181633,33.413876
2019-04-25,261.762726,87.340843,64.648636,182.010284,99.20031,120.57,88.073219,33.389835
2019-04-26,262.98172,87.517929,64.792656,182.172791,99.537926,121.370003,88.306694,33.518017
2019-04-29,263.393982,87.364983,64.656693,182.526276,98.902817,120.830002,88.123253,33.646194
2019-04-30,263.528442,87.421356,64.752625,181.112106,99.409325,121.199997,88.298347,33.670231
2019-05-01,261.547607,87.477844,64.756638,180.529205,99.819405,120.400002,88.25824,33.445923
2019-05-02,260.982971,87.284149,64.612312,179.745667,99.344063,119.940002,88.007584,33.38184
2019-05-03,263.537384,87.429436,64.732567,182.612289,99.62603,120.650002,88.12455,33.710278
2019-05-06,262.452972,87.542374,64.812782,181.494308,99.899948,120.809998,88.350143,33.389835
2019-05-07,258.070068,87.647316,64.908989,177.958832,100.665291,121.209999,88.650879,32.829071
2019-05-08,257.711517,87.631157,64.86087,177.509735,100.230278,120.910004,88.483818,32.877148
2019-05-09,256.931702,87.679619,64.925034,176.554184,100.641159,121.199997,88.717773,32.636806
2019-05-10,258.222412,87.695732,64.916992,176.773972,100.504189,121.43,88.659225,32.853104
2019-05-13,251.733231,87.840973,65.053291,170.639435,101.293724,122.669998,89.102074,32.116093
2019-05-14,254.009933,87.91362,65.093338,172.512299,100.995636,122.459999,89.018532,32.420513
2019-05-15,255.497757,88.066978,65.189583,174.948914,101.615982,122.389999,89.302551,32.56472
2019-05-16,257.863922,87.962036,65.093338,176.707077,101.277611,121.510002,89.127136,32.764988
2019-05-17,256.196808,87.986252,65.109421,174.901093,101.503227,120.650002,89.168884,32.580738
2019-05-20,254.502853,87.865189,65.029289,171.948547,101.293724,120.639999,89.018532,32.436535
2019-05-21,256.797333,87.857109,64.997169,173.744949,101.132568,120.360001,88.918259,32.660843
2019-05-22,256.008636,88.002403,65.117447,172.970947,101.712654,120.239998,89.185577,32.532673
2019-05-23,252.880554,88.260628,65.349907,170.324097,102.856667,121.169998,89.728683,32.204224
2019-05-24,253.454102,88.292915,65.349907,170.238113,102.945297,121.300003,89.70359,32.54068
2019-05-28,251.096954,88.42202,65.486252,169.597916,103.686501,120.830002,90.096291,32.260288
2019-05-29,249.41188,88.446259,65.470207,168.202789,104.000679,120.870003,90.062828,32.043995
2019-05-30,250.093018,88.680283,65.646568,168.909943,104.894943,121.690002,90.388649,32.164177
2019-05-31,246.722961,89.091797,65.935219,166.215317,106.208176,123.330002,90.990196,31.915815
2019-06-03,246.095535,89.302139,66.122467,162.555588,106.918594,125.110001,91.427971,32.043995
2019-06-04,251.4375,89.221283,66.009949,167.132614,105.699562,125.150002,91.093155,32.460571
2019-06-05,253.615479,89.172745,66.009949,168.374832,105.102135,125.470001,91.093155,32.444546
2019-06-06,255.264679,89.156525,65.993881,169.712555,105.441223,125.879997,91.076424,32.580738
2019-06-07,257.819092,89.40728,66.170708,172.990051,106.353477,126.589996,91.436401,32.96526
2019-06-10,259.002228,89.172745,66.034058,175.006226,105.352417,125.330002,90.984352,33.053383
2019-06-11,258.939484,89.156525,65.985825,175.245071,105.41703,125.18,90.984352,33.213604
2019-06-12,258.48233,89.269791,66.098366,174.232208,105.497742,125.830002,91.218735,32.949242
2019-06-13,259.548889,89.463928,66.210869,175.264206,105.861038,126.599998,91.444725,32.96526
2019-06-14,259.262207,89.439644,66.218933,174.518921,106.127419,126.559998,91.511703,32.740963
2019-06-17,259.360718,89.415398,66.218933,175.570038,106.313118,126.480003,91.494972,32.765263
2019-06-18,262.076477,89.658043,66.371582,178.121292,106.845947,127.120003,91.670746,33.218864
2019-06-19,262.66806,89.965431,66.596581,178.790192,106.999268,127.889999,91.92186,33.405178
2019-06-20,265.177643,90.119141,66.701073,180.452835,107.281837,131.110001,92.072548,33.729176
2019-06-21,264.792236,89.884514,66.516243,180.185257,106.10318,131.979996,91.695892,33.607677
2019-06-24,264.467987,90.04631,66.63678,180.190994,106.894348,133.940002,92.013969,33.656273
2019-06-25,261.874084,90.062462,66.660889,177.097763,107.225349,134.199997,92.156288,33.478081
2019-06-26,261.612854,89.860275,66.508232,177.921326,106.539146,132.970001,91.779617,33.518581
2019-06-27,262.540558,90.111023,66.701073,178.601257,107.289932,132.839996,92.055832,33.599567
2019-06-28,263.891602,90.070564,66.757309,178.831116,107.217255,133.199997,92.097687,33.785873
2019-07-01,266.28717,90.137062,66.75248,181.244385,106.966507,130.619995,91.981949,33.939781
2019-07-02,266.980804,90.299194,66.881378,181.962646,107.791519,133.410004,92.30899,34.045078
2019-07-03,269.115356,90.445145,67.002213,183.332062,108.560097,133.630005,92.48513,34.223289
2019-07-05,268.80896,90.064102,66.688049,182.958588,107.120201,132.139999,91.898109,33.988388
2019-07-08,267.332031,90.015472,66.680008,181.675323,107.265839,131.289993,91.80584,33.785873
2019-07-09,267.665314,89.991142,66.59137,182.585114,107.225349,131.75,91.747192,33.623863
2019-07-10,268.944275,90.055977,66.647774,184.404602,106.63488,133.830002,91.797478,33.769676
2019-07-11,269.574615,89.723579,66.430275,184.270554,105.21125,132.699997,91.344635,33.777775
2019-07-12,270.781525,89.820885,66.486687,185.333542,105.332603,133.529999,91.445259,33.818275
2019-07-15,270.871552,89.950623,66.583313,185.927292,105.93924,133.529999,91.638138,33.850674
2019-07-16,269.998077,89.853325,66.494743,184.96965,105.623772,132.399994,91.436913,33.696789
2019-07-17,268.160583,90.088402,66.696114,184.05986,106.76429,134.580002,91.86454,33.631981
2019-07-18,269.142365,90.234367,66.81691,184.270554,106.772377,136.479996,92.090988,33.729176
2019-07-19,267.647278,90.128952,66.744431,182.920288,106.521667,134.470001,91.923286,33.680588
2019-07-22,268.304718,90.242477,66.81691,184.375885,106.723846,134.449997,91.965195,33.712986
2019-07-23,270.223145,90.153259,66.760544,185.582489,106.141426,133.690002,91.814224,33.907379
2019-07-24,271.493011,90.283012,66.825005,186.884933,106.602539,134.369995,91.94841,33.915478
2019-07-25,270.196106,90.145164,66.75248,185.113297,106.092918,133.419998,91.789124,33.575275
2019-07-26,272.006439,90.161377,66.75248,187.018982,106.343666,133.639999,91.772316,33.672474
2019-07-29,271.511078,90.201927,66.792747,186.37735,106.37603,134.529999,91.856186,33.664379
2019-07-30,270.844543,90.19384,66.776634,185.572952,106.63488,134.979996,91.898109,33.30798
2019-07-31,267.881348,90.234367,66.857193,183.0065,107.492279,133.210007,92.132935,33.097355
2019-08-01,265.548706,90.941376,67.335983,182.096695,109.62709,136.410004,93.177917,32.967762
2019-08-02,263.549316,90.973862,67.400566,179.415268,110.640236,135.889999,93.371132,32.708549
2019-08-05,255.623596,91.372025,67.691261,173.075653,112.552963,137.789993,94.177574,31.874233
2019-08-06,259.208069,91.61586,67.860794,175.498505,113.452621,138.910004,94.328773,32.092934
2019-08-07,259.361328,91.567078,67.860794,176.446533,113.493172,141.020004,94.328773,32.222538
2019-08-08,264.449982,91.656471,67.917282,180.286758,113.736328,141.729996,94.337181,32.554646
2019-08-09,262.648651,91.534592,67.796188,178.591675,113.509369,141.259995,94.194397,32.319752
2019-08-12,259.451263,91.86776,68.094925,176.542343,115.875999,142.630005,94.79081,32.044334
2019-08-13,263.486298,91.737755,67.989967,180.411224,115.478867,141.779999,94.454803,32.360249
2019-08-14,255.695602,92.022148,68.232178,175.019653,118.080559,142.75,95.084824,31.485435
2019-08-15,256.371185,92.444733,68.563194,174.818619,119.393539,143.699997,95.689629,31.550226
2019-08-16,260.153839,92.371582,68.490524,177.624481,118.437225,142.779999,95.437668,31.922836
2019-08-19,263.288116,92.127792,68.27256,180.449585,116.743225,141.110001,94.984032,32.117245
2019-08-20,261.27063,92.3797,68.450188,179.051376,117.950867,142.210007,95.404045,32.028133
2019-08-21,263.39624,92.330925,68.417854,180.641068,117.164703,141.759995,95.152,32.295444
2019-08-22,263.315094,92.087143,68.288704,180.056931,116.386627,141.399994,94.941986,32.182037
2019-08-23,256.551239,92.460938,68.539017,174.358917,118.299385,144.169998,95.580444,31.785139
2019-08-26,259.388214,92.420357,68.498642,176.992462,117.82122,144.190002,95.488037,32.060539
2019-08-27,258.370544,92.712883,68.732765,176.618942,119.636726,145.570007,95.899673,32.052433
2019-08-28,260.18988,92.721001,68.757004,177.250961,119.790688,145.160004,95.93325,32.060539
2019-08-29,263.513214,92.664108,68.716591,179.961151,119.336823,144.119995,95.748466,32.311638
2019-08-30,263.39624,92.745399,68.708527,179.530228,119.369255,143.75,95.773636,32.473648
2019-09-03,261.856018,92.723381,68.771629,177.787277,119.523506,145.75,95.983986,32.34404
2019-09-04,264.828278,92.886307,68.901115,180.35379,119.702126,146.660004,96.13549,32.797657
2019-09-05,268.232666,92.48719,68.545082,183.6577,117.53421,143.139999,95.36142,33.064957
2019-09-06,268.439728,92.58493,68.626007,183.475677,118.370598,141.919998,95.42025,33.137852
2019-09-09,268.574951,92.193962,68.310417,183.092651,116.267624,141.389999,94.83123,33.202667
2019-09-10,268.511902,91.697144,67.962471,182.565964,114.229721,140.179993,94.141243,33.299866
2019-09-11,270.421265,91.713409,67.922035,184.280136,114.026825,141.029999,94.048706,33.50238
2019-09-12,271.357971,91.566803,67.792511,185.046265,113.279816,141.320007,93.838326,33.680588
2019-09-13,271.177765,91.021049,67.404182,184.385483,110.860291,140.149994,92.980087,33.834488
2019-09-16,270.34024,91.265457,67.582169,183.56189,112.273041,141.320007,93.383949,33.59148
2019-09-17,271.024689,91.403893,67.735962,184.442947,112.881989,141.600006,93.627953,33.721085
2019-09-18,271.186798,91.509804,67.784439,184.366318,113.361015,140.710007,93.661629,33.631981
2019-09-19,271.168793,91.640091,67.881561,184.67276,113.701996,141.279999,93.703674,33.769676
2019-09-20,269.887665,91.97403,68.124313,182.719162,115.204102,142.949997,94.242241,33.696789
2019-09-23,269.82428,92.014771,68.172905,182.799774,115.179688,143.75,94.376839,33.648186
2019-09-24,267.707062,92.267265,68.407516,180.372009,116.568092,144.509995,94.848076,33.505482
2019-09-25,269.290436,91.88446,68.083885,182.396713,114.863029,141.830002,94.225395,33.448395
2019-09-26,268.729431,92.039192,68.197159,181.725006,115.601959,141.789993,94.427361,33.52179
2019-09-27,267.281799,92.153236,68.269936,179.470001,115.886093,141.059998,94.561974,33.375004
2019-09-30,268.521332,92.177658,68.31852,181.178055,116.17028,138.869995,94.637703,33.497334
2019-10-01,265.327393,92.345047,68.385017,179.700348,116.520004,139.630005,94.899765,33.195625
2019-10-02,260.640472,92.410339,68.539101,176.610504,116.804649,141.259995,95.228447,32.535133
2019-10-03,262.775818,92.769524,68.766182,178.548843,117.870178,141.899994,95.725708,32.763454
2019-10-04,266.331635,92.916435,68.879677,181.178055,118.74044,141.899994,95.911079,33.016216
2019-10-07,265.182495,92.663399,68.701279,180.631149,117.756279,140.690002,95.590836,32.975452
2019-10-08,261.065735,92.69606,68.733696,177.92511,118.073486,141.919998,95.793121,32.665592
2019-10-09,263.5448,92.647064,68.652626,179.661926,117.406548,142.050003,95.548691,32.926537
2019-10-10,265.327393,92.328682,68.44178,181.053345,115.65786,140.809998,94.950371,33.138546
2019-10-11,268.077942,92.026642,68.190399,183.385132,114.226364,140.029999,94.30146,33.701183
2019-10-14,267.779419,92.181755,68.303917,183.365891,115.055969,140.589996,94.562737,33.578861
2019-10-15,270.430542,91.879677,68.125519,185.697693,113.665184,139.610001,94.107689,33.953957
2019-10-16,269.996185,92.042961,68.198494,185.237106,113.803383,140.410004,94.293037,33.978416
2019-10-17,270.792419,92.018478,68.198494,185.726486,113.526855,140.610001,94.259338,34.068115
2019-10-18,269.607056,92.083763,68.230919,183.941666,113.526855,140.460007,94.343597,34.027344
2019-10-21,271.434753,91.830727,68.068787,185.572983,112.672859,139.789993,93.998085,34.239368
2019-10-22,270.548187,91.969543,68.190399,184.0952,113.331696,140.199997,94.217186,34.157803
2019-10-23,271.335297,92.042961,68.222839,184.450272,113.445557,140.529999,94.250854,34.320889
2019-10-24,271.778717,92.067459,68.230919,186.244705,113.217781,141.529999,94.234055,34.377983
2019-10-25,272.891541,91.936852,68.117424,187.732025,112.664772,141.860001,94.03183,34.402428
2019-10-28,274.429749,91.740906,67.971451,189.584,111.639908,140.639999,93.677834,34.557365
2019-10-29,274.348389,91.749092,67.987633,188.115814,111.713081,140.25,93.762115,34.516598
2019-10-30,275.189819,92.010315,68.206627,189.027405,113.347939,141.020004,94.217186,34.655212
2019-10-31,274.456879,92.369545,68.530998,189.113785,114.877037,142.429993,94.815552,34.573677
2019-11-01,276.99939,92.394897,68.470024,190.831406,114.52343,142.559998,94.636635,34.883537
2019-11-04,278.112366,92.165817,68.274971,192.011734,113.016144,142.149994,94.15551,35.071079
2019-11-05,277.804657,91.822159,68.039299,192.11731,111.745087,139.850006,93.64917,35.062927
2019-11-06,277.868103,91.96125,68.185616,191.685486,112.42131,140.449997,93.91922,35.030296
2019-11-07,278.845215,91.527603,67.836143,192.328369,110.384407,138.270004,93.168083,35.185242
2019-11-08,279.532837,91.478554,67.771118,193.096054,109.920036,137.389999,93.041428,35.111851
2019-11-11,278.999146,91.494934,67.81176,192.837006,109.99334,137.059998,93.142754,35.079231
2019-11-12,279.587219,91.593079,67.852364,193.393509,110.498489,137.429993,93.184959,35.087387
2019-11-13,279.677704,91.756721,67.974251,193.441483,111.2155,137.979996,93.438126,34.973228
2019-11-14,280.084869,92.018517,68.169327,193.287979,112.364265,138.559998,93.910767,34.948765
2019-11-15,282.111603,91.969437,68.144958,194.70813,112.242142,138.210007,93.834816,35.160767
2019-11-18,282.319733,92.141251,68.2425,194.861679,112.445755,138.619995,93.995193,35.201553
2019-11-19,282.238281,92.206696,68.31562,195.149567,113.382767,138.690002,94.172447,35.136307
2019-11-20,281.188721,92.427597,68.502563,193.978851,114.556068,138.759995,94.51844,34.924305
2019-11-21,280.736328,92.296692,68.388756,193.547058,113.839058,138.0,94.28212,34.875381
2019-11-22,281.360596,92.345779,68.429375,193.671829,113.98571,137.740005,94.265274,34.916149
2019-11-25,283.541168,92.435783,68.494408,195.965179,114.319702,137.080002,94.307472,35.185242
2019-11-26,284.183594,92.566689,68.608208,196.339417,114.987839,137.740005,94.484688,35.209698
2019-11-27,285.450409,92.452164,68.502563,197.711624,114.653801,137.009995,94.239952,35.307552
2019-11-29,284.391785,92.337608,68.502563,196.809631,114.409363,137.860001,94.163948,35.038464
2019-12-02,281.975922,92.235931,68.323357,194.79451,112.883949,137.789993,93.825874,34.883537
2019-12-03,280.084869,92.654121,68.689827,193.268784,115.250847,139.110001,94.662613,34.753063
2019-12-04,281.812988,92.498306,68.551392,194.247543,114.100052,138.919998,94.299194,35.054768
2019-12-05,282.319733,92.391731,68.478111,194.631378,113.545029,139.0,94.079445,35.022152
2019-12-06,284.898438,92.260536,68.388535,196.713654,112.916634,137.619995,93.792068,35.323864
2019-12-09,284.002716,92.309738,68.404823,195.821259,113.1614,137.580002,93.868134,35.136307
2019-12-10,283.686005,92.276947,68.355919,195.658096,113.169617,137.970001,93.758263,35.168922
2019-12-11,284.491272,92.522911,68.583977,196.694504,114.059258,138.919998,94.147057,35.364628
2019-12-12,286.943359,92.129387,68.258194,198.162598,112.18206,138.429993,93.403267,35.641865
2019-12-13,287.115204,92.498306,68.567696,198.81517,113.479721,139.050003,93.952667,35.845722
2019-12-16,289.087769,92.309738,68.380348,200.811066,112.459534,139.039993,93.513184,36.204502
2019-12-17,289.151031,92.317932,68.388535,200.926208,112.304474,139.009995,93.521591,36.074051
2019-12-18,289.169189,92.137512,68.298904,201.079758,111.382202,139.020004,93.268028,35.984341
2019-12-19,290.354431,92.236931,68.347786,202.336823,111.560425,139.380005,93.34082,36.016964
2019-12-20,291.627441,92.25338,68.364098,203.152451,111.70752,139.520004,93.34082,36.074051
2019-12-23,292.072906,92.18763,68.320824,203.689072,111.544052,139.949997,93.256241,36.123459
2019-12-24,292.082031,92.302612,68.386086,203.794846,111.862854,141.270004,93.417007,36.090511
2019-12-26,293.636871,92.384796,68.451408,205.59314,112.132614,142.380005,93.552429,36.255249
2019-12-27,293.564117,92.50795,68.549393,205.420013,112.255287,142.330002,93.687859,36.354061
2019-12-30,291.94577,92.50795,68.524895,204.0737,111.846512,142.630005,93.628624,36.090511
2019-12-31,292.654877,92.294388,68.451408,204.458374,110.751083,142.899994,93.290047,36.28817
2020-01-02,295.391785,92.549042,68.541214,207.872314,112.001877,143.949997,93.721725,36.584671
2020-01-03,293.154999,92.820061,68.786102,205.968155,113.726677,145.860001,94.348045,36.139931
2020-01-06,294.273346,92.746147,68.704437,207.295258,113.080917,147.389999,94.246529,36.263466
2020-01-07,293.446045,92.64756,68.647324,207.266434,112.525024,147.970001,94.111092,36.205814
2020-01-08,295.009979,92.540825,68.541214,208.82431,111.781151,146.860001,93.890991,36.255249
2020-01-09,297.010254,92.639351,68.622841,210.593735,112.17347,146.029999,93.95871,36.403484
2020-01-10,296.155579,92.795433,68.737106,210.055222,113.170883,146.910004,94.161865,36.27993
2020-01-13,298.192291,92.737923,68.696289,212.478607,112.827461,145.820007,94.051819,36.494083
2020-01-14,297.737671,92.820061,68.794266,211.641968,113.407867,145.690002,94.238068,36.518791
2020-01-15,298.410553,92.959671,68.900391,211.728546,114.160019,146.539993,94.475014,36.494083
2020-01-16,300.892761,92.959671,68.859543,213.757614,113.800285,146.309998,94.28035,36.691746
2020-01-17,301.829346,92.852936,68.851395,214.815445,112.827461,146.580002,94.204216,36.782337
2020-01-21,301.238373,93.115768,69.022812,214.719254,114.012848,146.740005,94.576607,36.485836
2020-01-22,301.274658,93.165031,69.079933,215.286667,114.413406,146.789993,94.593544,36.576443
2020-01-23,301.6203,93.288239,69.202385,215.979034,115.214462,147.119995,94.830513,36.485836
2020-01-24,298.937866,93.460686,69.308495,214.161499,116.146461,147.979996,95.169083,36.345825
2020-01-27,294.146118,93.748207,69.537056,209.737885,117.953033,148.990005,95.812302,35.579872
2020-01-28,297.228485,93.666077,69.414612,212.959412,117.029274,147.660004,95.4907,35.884605
2020-01-29,296.982941,93.879616,69.610535,213.305588,118.173744,148.460007,95.947777,35.892845
2020-01-30,297.946777,93.887817,69.626839,214.065353,118.19014,148.470001,96.040848,35.810482
2020-01-31,292.536774,94.167084,69.806389,210.6707,119.269142,149.330002,96.523354,35.201012
2020-02-03,294.7099,94.136627,69.743431,213.853821,119.172531,148.360001,96.441078,35.324551
2020-02-04,299.20163,93.823837,69.530731,218.748657,117.567642,146.429993,95.881714,35.892845
2020-02-05,302.656769,93.683937,69.416206,219.46991,116.282089,146.610001,95.4664,36.238766
2020-02-06,303.675201,93.741524,69.481644,221.364365,116.806061,147.399994,95.534248,36.362301
2020-02-07,302.05658,94.01313,69.694336,220.412277,118.263626,147.789993,95.991936,36.008152
2020-02-10,304.311676,94.120171,69.80069,223.076096,118.59111,148.169998,96.17836,36.090511
2020-02-11,304.83905,94.004936,69.68618,223.114563,117.993469,147.660004,95.949532,36.337597
2020-02-12,306.80304,93.906158,69.604355,225.287933,117.395714,147.539993,95.703735,36.485836
2020-02-13,306.475769,93.972,69.6698,224.999451,117.845993,148.380005,95.78849,36.222301
2020-02-14,306.966675,94.070786,69.743431,225.643723,118.361893,149.0,96.025818,36.19759
2020-02-18,306.175598,94.194244,69.84977,225.730255,119.172531,150.910004,96.17836,35.950504
2020-02-19,307.639557,94.169556,69.841553,227.893997,119.164413,151.789993,96.161385,36.098755
2020-02-20,306.37561,94.383583,70.013382,225.778366,120.097809,152.410004,96.441078,35.83519
2020-02-21,303.220612,94.572845,70.185165,221.441269,121.21962,154.699997,96.830986,35.670483
2020-02-24,293.164093,94.87738,70.406006,212.901718,123.029266,156.089996,97.585274,34.278572
2020-02-25,284.280548,95.04203,70.463264,207.112549,123.684303,153.300003,97.856514,33.693817
2020-02-26,283.234985,94.943245,70.422363,208.180008,123.029266,153.970001,97.805641,33.71851
2020-02-27,270.514313,94.959702,70.504135,197.7556,124.363937,154.0,98.280266,32.689007
2020-02-28,269.377747,95.659355,70.970428,197.909454,127.172485,148.380005,99.382065,32.507812
2020-03-02,281.043701,95.625526,70.923729,208.122284,126.236931,149.199997,99.314178,32.936096
2020-03-03,272.996643,96.277107,71.34993,201.44841,128.196732,153.889999,100.468193,32.672535
2020-03-04,284.471497,96.202881,71.333572,209.853256,126.835449,154.160004,100.247566,33.570274
2020-03-05,275.015167,96.499763,71.604027,203.477448,129.992569,157.490005,101.138565,32.689007
2020-03-06,270.468964,97.209114,72.095802,200.044312,136.75795,157.550003,102.165283,32.211323
2020-03-09,249.346802,97.085365,71.940117,186.148376,140.464493,157.809998,103.081749,29.592241
2020-03-10,262.249237,95.988419,70.972893,196.284256,133.264511,154.479996,101.189438,30.695885
2020-03-11,249.465042,94.619286,69.628685,187.735092,128.360748,153.929993,100.179688,29.098083
2020-03-12,225.596878,90.833527,65.841934,170.521439,129.156204,147.789993,100.230598,25.844822
2020-03-13,244.882339,92.260361,68.620522,184.96553,126.236931,143.279999,99.577194,27.475573
2020-03-16,218.086334,93.802734,69.34182,162.808929,134.412628,141.639999,102.207748,24.50234
2020-03-17,229.861298,91.377853,67.90741,175.156647,125.449608,143.559998,99.645111,25.61422
2020-03-18,218.222733,87.897293,66.268105,169.829041,118.372749,140.699997,98.261963,24.090538
2020-03-19,218.686447,89.860237,66.22718,170.848389,121.595413,138.039993,98.584396,24.444691
2020-03-20,209.262344,90.751038,67.350075,164.155258,130.738846,140.110001,101.09613,24.222315
2020-03-23,203.911911,92.903732,68.841812,164.273773,136.126541,146.300003,102.292595,23.809496
2020-03-24,222.386963,93.670769,68.915581,176.994736,133.592606,153.399994,101.596748,25.92737
2020-03-25,225.716125,94.627487,69.841789,175.684082,133.289185,151.300003,101.656158,26.862209
2020-03-26,238.895691,94.916183,70.16143,184.935669,133.945297,153.240005,101.902245,28.00388
2020-03-27,231.780014,95.320328,70.538498,178.575195,137.52063,152.25,102.65744,27.143488
2020-03-30,239.307236,95.411064,70.612236,185.070572,136.388916,152.919998,102.895035,27.697771
2020-03-31,235.740265,95.155388,69.956543,183.490097,135.28186,148.050003,103.081749,27.581963
2020-04-01,225.130798,94.832222,70.31797,175.69371,137.177231,149.449997,103.501404,26.357557
2020-04-02,230.32579,94.972755,70.646584,179.259476,138.047775,151.899994,103.518417,26.862209
2020-04-03,226.996613,95.038849,70.613739,176.715195,138.376312,152.649994,103.594879,26.332743
2020-04-06,242.243118,95.501724,70.835526,189.349457,138.014923,156.880005,103.127609,27.747416
2020-04-07,242.490112,95.633987,70.901245,189.272369,136.569534,156.039993,102.668816,27.904598
2020-04-08,250.630112,95.724899,71.081955,193.291046,135.575821,154.649994,102.541397,28.169334
2020-04-09,254.444,96.915161,71.862305,193.570557,135.82225,158.690002,102.762306,28.773256
2020-04-13,252.12085,96.460564,71.632339,195.661774,134.582214,161.410004,102.541397,28.541615
2020-04-14,259.556671,96.510132,71.632339,204.171265,134.549408,162.679993,102.67733,29.054533
2020-04-15,254.041565,96.906898,71.985558,201.829514,138.113495,161.850006,103.594879,28.111416
2020-04-16,255.26712,97.030869,72.026649,205.510849,139.681946,161.710007,103.705307,28.144526
2020-04-17,262.1633,96.915161,71.928078,207.476852,137.809647,158.570007,103.433418,28.938713
2020-04-20,257.544617,96.774597,71.813065,205.019363,138.918274,159.699997,103.705307,28.516796
2020-04-21,249.72464,96.824219,71.903435,197.454254,140.667435,158.610001,103.994141,27.929413
2020-04-22,255.26712,96.824219,71.845924,203.313553,139.230316,161.729996,103.671303,28.450613
2020-04-23,255.248871,97.055672,71.960945,202.879944,139.969467,163.339996,103.739281,28.400972
2020-04-24,258.806671,97.006065,71.93631,206.079468,140.297928,162.639999,103.764732,28.707077
2020-04-27,262.538239,96.559731,71.681633,207.737015,137.686432,161.559998,103.212555,29.104174
2020-04-28,261.330994,96.939957,71.895233,203.824356,139.271408,160.839996,103.662804,29.335821
2020-04-29,268.172241,97.006065,71.944534,211.052185,138.548737,161.729996,103.611839,30.113472
2020-04-30,265.675323,96.791191,71.887009,210.965378,136.930893,158.800003,103.365479,29.51782
2020-05-01,258.642059,96.79615,71.857346,205.019363,138.1035,159.779999,103.508331,28.86426
2020-05-04,259.355499,96.878952,71.931465,207.409348,137.453903,160.339996,103.525352,28.889076
2020-05-05,261.751709,96.80442,71.865585,209.760788,136.57402,161.020004,103.448845,28.963539
2020-05-06,259.977386,96.415123,71.544594,211.052185,134.370316,158.949997,103.066109,28.789803
2020-05-07,263.114471,96.713318,71.775055,213.769806,136.615173,161.389999,103.695427,29.228277
2020-05-08,267.467987,96.456566,71.569275,216.699478,134.839035,160.419998,103.355232,29.699825
2020-05-11,267.522736,96.166679,71.347038,218.636566,133.786514,159.419998,103.066109,29.691561
2020-05-12,262.190765,96.415123,71.577492,214.058945,135.159668,160.039993,103.406296,29.294451
2020-05-13,257.553741,96.57251,71.659821,211.379807,136.105286,161.580002,103.618866,29.046263
2020-05-14,260.635895,96.870689,71.857346,213.779465,137.437454,163.009995,103.780479,28.831165
2020-05-15,261.834015,96.928665,71.898552,215.167221,137.083878,163.929993,103.712425,28.839441
2020-05-18,269.809387,96.787827,71.766861,219.176254,134.07428,162.690002,103.074608,29.989382
2020-05-19,267.038177,96.895523,71.857346,218.626953,134.575867,164.259995,103.363754,29.666733
2020-05-20,271.574585,97.144005,72.046692,222.992538,134.978775,164.649994,103.389267,30.204475
2020-05-21,269.699707,97.218559,72.120781,220.563995,135.315918,162.25,103.457344,29.873558
2020-05-22,270.211823,97.268219,72.145454,221.325302,136.130005,163.210007,103.652939,29.790825
2020-05-26,273.541077,97.110863,72.104317,220.727814,134.304535,160.889999,103.380768,30.676031
2020-05-27,277.610992,97.251663,72.137215,221.932404,134.057846,161.179993,103.465828,30.998672
2020-05-28,277.098877,97.185432,72.161934,221.643311,133.564438,161.720001,103.372292,31.205502
2020-05-29,278.333527,97.442184,72.367699,224.891006,134.518326,162.910004,103.703957,31.164135
2020-06-01,279.458588,97.387405,72.30912,225.565643,133.612564,163.660004,103.663063,31.842518
2020-06-02,281.772461,97.47036,72.366882,227.078659,133.126801,162.600006,103.492805,32.189972
2020-06-03,285.522369,97.229721,72.201904,228.100189,131.356644,159.600006,102.879868,32.934547
2020-06-04,284.772369,96.939377,72.028748,226.500458,129.454727,161.279999,102.471275,32.752537
2020-06-05,292.070984,96.997429,72.020508,230.991302,128.532593,158.009995,101.960487,33.397827
2020-06-08,295.601379,97.105286,72.094704,232.783798,129.02655,159.720001,102.071136,33.794926
2020-06-09,293.397186,97.229721,72.14418,234.470322,130.492142,161.259995,102.437233,33.356453
2020-06-10,291.759979,97.628044,72.449318,237.284317,132.427017,163.570007,103.203392,33.29855
2020-06-11,274.940338,97.462082,72.317406,225.5271,134.929962,162.389999,103.569443,31.470234
2020-06-12,278.23291,97.561638,72.391632,227.319641,133.62912,162.619995,103.339569,32.007977
2020-06-15,280.830475,97.885246,72.540062,230.085464,133.703156,162.330002,103.254456,32.10725
2020-06-16,286.235809,97.694366,72.449318,234.036636,131.65303,162.25,103.041664,32.537441
2020-06-17,285.046906,97.611443,72.465866,234.778687,132.196548,162.559998,103.203392,32.6119
2020-06-18,285.156525,97.711014,72.548294,235.414719,133.596176,162.240005,103.433212,32.462986
2020-06-19,283.526917,97.744186,72.573036,235.376251,133.703156,164.029999,103.467278,32.314075
2020-06-22,285.345703,97.719284,72.548294,238.198975,133.719635,165.089996,103.373665,32.686592
2020-06-23,286.659393,97.702705,72.515312,240.226257,132.805817,166.479996,103.339569,32.844574
2020-06-24,279.347076,97.686096,72.523567,235.27388,134.230164,165.899994,103.535385,32.038013
2020-06-25,282.341827,97.802292,72.597786,237.513519,134.617065,165.800003,103.552452,32.462074
2020-06-26,275.635834,97.918434,72.729721,231.904694,136.057953,166.539993,103.833328,31.971489
2020-06-29,279.687042,98.001404,72.779213,234.433975,135.629837,166.630005,103.935516,32.262516
2020-06-30,283.269684,98.084389,72.853394,239.029221,134.971207,167.369995,103.748222,32.254208
2020-07-01,285.253876,98.136772,72.871628,241.819168,134.709045,166.619995,103.586304,32.362297
2020-07-02,286.824677,98.253181,72.987244,243.460312,134.849213,166.979996,103.714142,32.686592
2020-07-06,291.252563,98.244804,72.962486,249.445755,134.296799,167.979996,103.560745,33.235371
2020-07-07,288.248688,98.39444,73.078178,247.727264,136.184509,169.039993,103.893059,32.778053
2020-07-08,290.453339,98.361191,73.036835,250.990341,135.640503,170.089996,103.731171,33.04414
2020-07-09,288.799774,98.618912,73.23513,253.104416,137.800217,169.630005,104.063484,32.661644
2020-07-10,291.748657,98.502518,73.152573,254.832581,137.107834,169.190002,103.858978,32.969303
2020-07-13,289.222382,98.494209,73.18557,249.59053,137.561127,169.399994,103.969742,32.794693
2020-07-14,292.970459,98.652191,73.276482,251.357147,137.758987,170.190002,103.961235,33.252014
2020-07-15,295.662048,98.660484,73.284729,251.868805,137.116028,170.339996,103.927139,33.626198
2020-07-16,294.688293,98.727028,73.334282,250.150391,137.767288,168.729996,104.003838,33.418312
2020-07-17,295.542664,98.826752,73.408638,250.440018,137.478699,170.119995,103.978271,33.584618
2020-07-20,297.931061,98.934822,73.482994,257.545197,137.816696,170.940002,104.04644,33.775867
2020-07-21,298.564911,98.993042,73.5243,254.861649,137.899078,173.0,104.157211,33.908901
2020-07-22,300.264404,99.076134,73.623474,255.759262,138.311264,175.630005,104.191284,34.000374
2020-07-23,296.681641,99.192505,73.689552,249.078857,139.926941,177.179993,104.293533,33.717663
2020-07-24,294.770966,99.159294,73.673035,246.713669,139.918686,178.699997,104.242401,33.551346
2020-07-27,296.920563,99.092789,73.623474,251.115799,139.399353,182.229996,104.080521,34.01701
2020-07-28,295.037354,99.159294,73.656517,247.92038,140.363785,183.75,104.327652,33.859009
2020-07-29,298.665955,99.275673,73.772156,250.777908,140.124756,185.130005,104.463997,34.216564
2020-07-30,297.600342,99.350471,73.813492,252.09082,141.047897,183.759995,104.608803,33.759239
2020-07-31,299.951965,99.392052,73.912636,256.58963,140.957336,185.429993,104.634377,33.102345
2020-08-03,302.037354,99.431175,73.886948,260.055389,140.247589,185.639999,104.583191,33.676079
2020-08-04,303.20401,99.622734,74.044266,261.020599,141.584503,189.589996,104.94136,33.942177
2020-08-05,305.087219,99.431175,73.94487,261.66748,140.346634,191.350006,104.591721,34.125103
2020-08-06,307.126556,99.572769,74.060768,265.133118,141.13063,193.889999,104.711121,34.199928
2020-08-07,307.347076,99.456192,73.978065,262.072937,140.18985,190.809998,104.489403,34.058567
2020-08-10,308.265625,99.364555,73.895271,260.953094,139.562668,190.149994,104.37851,34.191616
2020-08-11,305.721069,99.089752,73.638672,256.010193,137.90387,179.940002,104.020386,34.332977
2020-08-12,309.983551,98.889908,73.44828,262.44931,136.649612,179.100006,103.713394,35.014812
2020-08-13,309.423157,98.523476,73.208305,263.047974,135.188919,183.330002,103.500191,34.865139
2020-08-14,309.432312,98.431847,73.125519,262.739075,134.660812,182.539993,103.551376,34.648941
2020-08-17,310.415192,98.565125,73.216545,265.789673,134.999176,186.5,103.721901,34.915035
2020-08-18,311.085907,98.706703,73.31588,268.347931,135.964661,188.179993,103.900978,34.906723
2020-08-19,309.79068,98.556793,73.191742,266.542664,135.11467,182.240005,103.764534,34.715481
2020-08-20,310.755188,98.731659,73.31588,270.240082,136.336029,183.5,104.063011,34.607365
2020-08-21,311.857513,98.831604,73.473129,272.112885,137.152985,182.029999,104.139771,34.424446
2020-08-24,315.017609,98.78994,73.390358,273.811981,136.930237,181.0,103.99482,34.840179
2020-08-25,316.120026,98.581787,73.249657,275.964783,135.882172,181.220001,103.747475,34.915035
2020-08-26,319.289307,98.565125,73.208305,281.853638,135.362244,183.360001,103.704872,35.17281
2020-08-27,319.987366,98.223701,72.943466,280.975067,133.05986,181.240005,103.33815,34.81525
2020-08-28,322.054321,98.356934,73.00135,282.403961,132.960831,184.389999,103.508705,35.056389
2020-08-31,320.887695,98.573433,73.216545,284.672607,133.843811,184.830002,103.619576,34.81525
2020-09-01,323.910065,98.777809,73.41803,289.538086,135.374756,185.050003,103.959229,34.865139
2020-09-02,328.595001,98.977989,73.575546,292.279785,136.663559,182.619995,104.104294,35.289204
2020-09-03,317.286682,99.003036,73.583855,277.461212,137.051773,181.139999,104.240822,34.490963
2020-09-04,314.696045,98.510857,73.152763,273.763733,134.449356,181.639999,103.660538,34.55748
2020-09-08,306.097626,98.619316,73.26049,260.605591,135.275574,181.289993,103.882439,34.133415
2020-09-09,312.142242,98.611023,73.21077,268.260986,134.912048,183.050003,103.8312,34.723782
2020-09-10,306.722382,98.619316,73.227341,262.912842,135.597763,182.460007,103.959229,34.341286
2020-09-11,306.87851,98.736099,73.301979,261.088226,135.886887,182.449997,104.121353,34.657265
2020-09-14,310.920532,98.744453,73.301979,265.635162,135.878616,183.889999,104.027473,34.890076
2020-09-15,312.491364,98.752777,73.343422,269.400177,135.548218,183.449997,103.976273,35.106285
2020-09-16,311.251282,98.702728,73.326843,265.104218,135.143341,183.970001,103.916565,35.106285
2020-09-17,308.513702,98.72776,73.326843,260.962738,135.556442,182.960007,103.950684,35.156166
2020-09-18,304.961914,98.611023,73.243919,257.632202,135.135147,183.199997,103.856804,34.906723
2020-09-21,301.567749,98.627609,73.285347,258.25,135.820892,179.520004,104.04454,34.054928
2020-09-22,304.639038,98.702728,73.310242,263.047974,135.713425,178.649994,104.04454,34.046566
2020-09-23,297.574219,98.494225,73.144424,255.01593,135.895157,174.789993,104.04454,33.695484
2020-09-24,298.367371,98.502548,73.152763,256.20343,136.415665,175.440002,104.095764,33.645325
2020-09-25,303.191101,98.535896,73.144424,262.159729,136.415665,174.940002,104.181084,33.770714
2020-09-28,308.226807,98.619316,73.21077,267.604675,136.027359,176.699997,104.164001,34.322418
2020-09-29,306.548248,98.636009,73.26049,266.397827,136.18428,178.190002,104.240822,34.272259
2020-09-30,308.872467,98.477531,73.144424,268.222382,134.878998,177.119995,103.959229,34.188671
2020-10-01,310.855499,98.612869,73.219154,272.479797,135.101501,178.699997,104.018143,34.38929
2020-10-02,307.904114,98.512627,73.16938,264.814606,134.597046,178.539993,103.915657,34.314064
2020-10-05,313.364105,98.195107,72.895264,270.462128,131.967102,179.410004,103.258125,34.849041
2020-10-06,308.909363,98.278656,72.994942,265.635162,132.678375,177.300003,103.497253,34.48959
2020-10-07,314.286407,98.21183,72.895264,270.230438,131.710663,177.220001,103.198349,34.815598
2020-10-08,317.071808,98.337173,73.019844,271.668884,132.421967,177.850006,103.38623,35.074722
2020-10-09,319.90332,98.362228,73.03643,275.819946,132.397171,181.080002,103.335007,35.308788
2020-10-12,325.049866,98.554398,73.144447,284.334686,132.819,180.559998,103.445992,35.484329
2020-10-13,322.928528,98.579483,73.202591,284.325043,133.769928,177.720001,103.676552,35.091457
2020-10-14,320.899414,98.637939,73.244095,281.950226,134.075958,178.270004,103.710701,35.01622
2020-10-15,320.502869,98.554398,73.202591,280.057983,133.844437,178.919998,103.599686,34.631702
2020-10-16,320.309082,98.504265,73.144447,278.523132,133.47229,178.300003,103.53994,34.740372
2020-10-19,315.439331,98.387283,73.077942,273.976135,132.967804,178.389999,103.369141,34.589909
2020-10-20,316.70285,98.303711,72.953407,274.565033,131.702393,179.25,103.147133,34.782166
2020-10-21,316.103333,98.186729,72.870361,274.352661,131.24762,180.600006,103.010536,34.665134
2020-10-22,317.837219,98.011322,72.745766,274.342957,129.88298,178.830002,102.65184,34.69857
2020-10-23,318.916443,98.153305,72.837135,274.883545,130.676941,178.639999,102.796997,34.890827
2020-10-26,313.022888,98.287003,72.945122,270.761383,131.892715,178.550003,103.07029,34.238819
2020-10-27,311.943817,98.512627,73.119537,272.875549,132.777618,179.020004,103.300835,33.979691
2020-10-28,301.28186,98.370537,73.019844,262.237091,132.901596,176.130005,103.292282,32.984947
2020-10-29,304.343964,98.195107,72.862053,266.822571,131.611496,175.399994,102.856796,33.143787
2020-10-30,301.171234,97.927704,72.737457,260.055389,130.31308,176.199997,102.52375,32.976601
2020-11-02,304.546936,98.105148,72.838112,260.634552,131.289154,177.910004,102.699776,33.377846
2020-11-03,309.923981,98.063309,72.821503,265.142853,130.527435,178.919998,102.469078,34.230457
2020-11-04,316.850433,98.716125,73.320686,276.978485,133.358902,178.820007,103.332085,34.581551
2020-11-05,323.029907,98.808159,73.395538,284.199615,133.590683,182.929993,103.315002,35.417458
2020-11-06,322.956146,98.590569,73.229156,284.411896,131.976303,183.190002,102.96463,35.492687
2020-11-09,327.014404,98.130257,72.888054,278.60025,129.202881,175.080002,102.204193,36.462334
2020-11-10,326.53476,97.97126,72.746613,273.609253,128.457687,175.660004,101.913658,36.729832
2020-11-11,328.960449,98.029846,72.796524,279.729797,128.921356,174.899994,102.076042,37.03912
2020-11-12,325.769165,98.439926,73.037819,278.416901,131.11525,175.960007,102.657028,36.504135
2020-11-13,330.279358,98.456657,73.062782,280.859314,130.941467,177.160004,102.52034,37.0224
2020-11-16,334.402069,98.448273,73.104355,283.05072,130.626877,177.149994,102.443436,37.498867
2020-11-17,332.603516,98.649193,73.229156,282.152924,131.479568,176.5,102.708313,37.482147
2020-11-18,328.600677,98.716125,73.31237,280.067719,131.860397,175.490005,102.674126,37.281521
2020-11-19,329.984161,98.900215,73.462097,282.259125,132.539307,175.160004,102.785217,37.507229
2020-11-20,327.724518,99.000641,73.528664,280.3284,133.71492,175.690002,102.96463,37.63261
2020-11-23,329.689026,98.975555,73.470428,280.338013,133.10231,172.229996,102.75959,37.657692
2020-11-24,335.001526,98.841652,73.395538,284.276764,131.777557,169.589996,102.597206,38.259548
2020-11-25,334.484955,98.808159,73.362297,286.024078,131.371948,169.509995,102.631378,38.184311
2020-11-27,335.416626,98.975555,73.52034,288.659515,132.646927,167.789993,102.939041,38.451805
2020-11-30,333.931671,99.109489,73.620178,289.248535,132.481308,166.669998,102.870682,37.691132
2020-12-01,337.584076,98.795921,73.397697,292.955566,130.527954,170.179993,102.323433,38.501965
2020-12-02,338.294189,98.686958,73.272682,293.332092,129.492096,171.460007,102.152428,38.560474
2020-12-03,338.201965,98.854622,73.414352,293.747162,130.536179,172.809998,102.426033,38.694225
2020-12-04,341.116486,98.586311,73.222717,294.944275,128.621811,172.320007,102.024193,39.070377
2020-12-07,340.415558,98.737228,73.322662,296.61441,129.782059,174.889999,102.340546,38.786163
2020-12-08,341.411591,98.74559,73.347672,297.618347,130.395386,175.5,102.443123,38.87812
2020-12-09,338.349426,98.603065,73.222717,290.880066,129.964447,172.5,102.297768,38.928276
2020-12-10,338.238861,98.846207,73.372665,292.048126,131.116394,172.169998,102.528648,39.011864
2020-12-11,337.842224,98.955223,73.489357,291.401306,131.580505,172.490005,102.733856,38.87812
2020-12-14,336.32962,98.896545,73.464371,293.515564,131.21582,171.539993,102.674011,38.886482
2020-12-15,340.876709,98.955223,73.497665,296.652985,130.776566,173.940002,102.571404,39.312794
2020-12-16,341.411591,98.9133,73.422707,298.284454,130.428528,174.899994,102.485916,39.446537
2020-12-17,343.320862,98.909073,73.439354,300.234558,130.08345,176.740005,102.411438,39.705666
2020-12-18,341.949921,98.858749,73.414352,299.327087,129.693481,176.440002,102.32589,39.471615
2020-12-21,340.727264,98.858749,73.422707,298.767212,130.207886,175.880005,102.394348,39.028866
2020-12-22,340.153015,99.001419,73.539322,299.579529,130.879837,174.490005,102.565475,38.902374
2020-12-23,340.458679,98.934265,73.456589,298.070801,129.975494,175.649994,102.35154,39.340908
2020-12-24,341.783173,99.026573,73.581947,299.386078,130.489914,176.350006,102.497002,39.442097
2020-12-28,344.719391,99.04335,73.5569,302.403564,130.547958,175.710007,102.505569,39.686665
2020-12-29,344.061737,99.060181,73.581947,302.674347,130.382065,176.350006,102.488472,39.998676
2020-12-30,344.552582,99.118904,73.632149,302.684021,130.664169,177.699997,102.556946,40.083019
2020-12-31,346.303284,99.19445,73.732483,303.42868,130.854874,178.360001,102.625336,39.813148
2021-01-04,341.588654,99.068565,73.632149,299.144257,130.697357,182.330002,102.651062,40.040855
2021-01-05,343.941376,98.96785,73.50676,301.610535,129.726608,182.869995,102.411438,40.496246
2021-01-06,345.997589,98.481056,73.180717,297.432495,127.06356,179.899994,101.812561,40.934769
2021-01-07,351.138184,98.380348,73.03019,304.62796,125.94368,179.479996,101.453209,41.052837
2021-01-08,353.138916,98.262856,72.963287,308.544769,125.53714,173.339996,101.162338,41.440762
2021-01-11,350.758514,98.103355,72.888069,304.086334,125.32975,173.0,100.965561,40.901043
2021-01-12,350.832581,98.187302,72.871353,303.602844,125.230202,174.119995,100.948425,41.095009
2021-01-13,351.777344,98.497841,73.063652,305.653137,126.640564,173.369995,101.299232,41.0191
2021-01-14,350.54541,98.304817,72.97168,304.018616,125.454178,173.279999,101.06823,41.331131
2021-01-15,347.989075,98.405495,73.03019,301.610535,125.951881,171.130005,101.34201,40.664913
2021-01-19,350.721436,98.539795,73.130531,306.011017,126.358414,172.580002,101.401886,40.951649
2021-01-20,355.575012,98.54821,73.122154,313.12912,126.482895,175.389999,101.444656,41.263664
2021-01-21,355.899109,98.405495,73.021851,315.633942,125.595177,175.279999,101.299232,41.35643
2021-01-22,354.639435,98.405495,73.055275,314.724823,126.001656,173.899994,101.453209,41.069702
2021-01-25,356.038116,98.657288,73.222496,317.326447,127.486755,174.050003,101.863914,41.044399
2021-01-26,355.482361,98.623718,73.214134,317.790649,127.246109,173.619995,101.829681,41.061275
2021-01-27,346.794189,98.632118,73.214134,308.931732,127.569656,172.520004,101.949486,40.099892
2021-01-28,349.776672,98.564972,73.155617,310.759583,126.86451,172.679993,101.684219,40.411915
2021-01-29,342.774292,98.455872,73.097069,304.221802,126.101257,172.610001,101.504578,39.526432
2021-02-01,348.47998,98.550049,73.121346,311.823425,126.247429,174.229996,101.631287,40.083019
2021-02-02,353.407471,98.398712,73.029236,316.910614,125.433487,172.110001,101.374405,40.529976
2021-02-03,353.685455,98.281044,72.903648,315.65329,124.320526,171.850006,101.126129,40.639614
2021-02-04,357.705383,98.238976,72.920372,319.386444,123.988281,168.149994,101.091927,40.656475
2021-02-05,359.11322,98.112892,72.81987,320.469635,122.950081,169.809998,100.877892,40.960068
2021-02-08,361.706665,98.213776,72.903648,322.616669,123.489891,171.520004,100.920677,41.221504
2021-02-09,361.465942,98.255806,72.87014,322.548859,123.581291,172.080002,100.997726,41.457638
2021-02-10,361.30835,98.348274,72.987373,321.813965,124.403564,172.710007,101.254562,41.364872
2021-02-11,361.891846,98.230598,72.912025,323.583801,123.72245,171.210007,101.177505,41.634727
2021-02-12,363.679626,98.003571,72.719421,325.392365,122.185959,170.690002,100.84362,41.82869
2021-02-16,363.364624,97.54126,72.376083,324.512238,120.325447,168.240005,100.115898,42.081696
2021-02-17,363.447998,97.734558,72.526779,322.955078,121.089546,166.330002,100.18441,41.820259
2021-02-18,361.901154,97.684143,72.48494,321.543152,120.599518,166.320007,100.175858,41.550404
2021-02-19,361.262054,97.381508,72.233727,320.140747,118.996536,167.009995,99.773453,41.744362
2021-02-22,358.483307,97.07888,72.032761,311.842712,118.091179,169.509995,99.610786,41.617867
2021-02-23,358.918762,97.104088,72.015968,310.914276,117.750694,169.119995,99.687859,41.634727
2021-02-24,362.873718,97.07048,71.974113,313.477234,116.978249,169.0,99.55085,41.786537
2021-02-25,354.130066,96.179375,71.3461,302.548645,115.067894,165.820007,98.223862,41.078133
2021-02-26,352.305237,96.961205,71.965767,303.815521,118.871979,161.809998,99.105682,40.487816
2021-03-01,360.845276,96.910667,71.872643,312.955048,117.30191,161.529999,98.994301,41.272102
2021-03-02,358.029449,96.927505,71.864265,307.935577,117.310196,162.410004,99.174255,41.25523
2021-03-03,353.287109,96.573837,71.637817,298.999207,116.037918,160.619995,98.643082,41.002232
2021-03-04,348.915344,96.29599,71.411407,294.105621,115.289528,159.039993,98.154816,40.589008
2021-03-05,355.334076,96.228592,71.369453,298.535004,115.514015,159.139999,98.017754,40.917908
2021-03-08,353.565033,95.849678,71.042397,290.082275,114.615967,157.490005,97.632263,40.715511
2021-03-09,358.612976,96.211777,71.277206,301.523529,116.204262,160.839996,98.094833,41.238369
2021-03-10,360.845276,96.371765,71.411407,300.66275,116.437111,161.660004,98.30043,41.415474
2021-03-11,364.503876,96.36335,71.419792,307.587372,115.597176,161.520004,98.266159,41.719055
2021-03-12,364.994812,95.816025,70.992073,305.092133,113.144043,161.490005,97.555153,41.820259
2021-03-15,367.171539,95.917068,71.075935,308.351379,113.809288,162.199997,97.675056,41.921459
2021-03-16,366.708374,95.883385,71.067558,310.043976,113.351952,162.350006,97.657928,41.988934
2021-03-17,367.958862,95.874947,71.042397,311.320587,112.5037,163.509995,97.495201,42.208191
2021-03-18,362.605164,95.50444,70.748871,301.784576,111.364464,162.559998,96.886955,41.803402
2021-03-19,361.934265,95.580231,70.807587,302.848572,112.054672,163.240005,96.826996,41.946766
2021-03-22,364.82428,95.765457,71.008835,308.527893,113.310333,163.0,97.143982,41.96455
2021-03-23,361.952789,96.009712,71.168167,307.181793,114.333221,161.809998,97.623695,41.329105
2021-03-24,360.112732,96.127579,71.277206,302.001129,114.948547,162.369995,97.752182,41.151184
2021-03-25,362.13858,96.077034,71.226883,301.478119,114.04216,161.779999,97.623695,41.413837
2021-03-26,367.974518,95.917068,71.101112,306.000397,113.642975,162.240005,97.298134,41.981495
2021-03-29,367.788605,95.757065,71.008835,305.9133,112.67836,160.309998,96.964043,41.778152
2021-03-30,366.812897,95.832878,71.08429,304.373596,113.268768,157.570007,96.878433,41.727318
2021-03-31,368.299683,95.849678,71.050781,309.031372,112.63678,159.960007,96.741348,41.608707
2021-04-01,372.276978,96.171814,71.279427,314.299255,114.506233,161.979996,97.16993,42.150948
2021-04-05,377.620422,95.977898,71.170113,320.574188,114.00663,161.919998,96.895607,42.786381
2021-04-06,377.397339,96.31517,71.422318,320.351501,114.780991,163.220001,97.367073,42.413597
2021-04-07,377.834076,96.163406,71.338242,321.12616,113.981651,162.759995,97.307068,42.489841
2021-04-08,379.627563,96.399544,71.497932,324.476654,114.922577,164.509995,97.641357,42.735554
2021-04-09,382.387512,96.289917,71.405525,326.442352,114.506233,163.270004,97.384209,42.837227
2021-04-12,382.526947,96.264595,71.388664,326.016418,114.456306,162.279999,97.324188,42.608479
2021-04-13,383.660614,96.5429,71.573586,329.821991,115.313919,163.429993,97.727081,42.896526
2021-04-14,382.350342,96.466995,71.523148,325.86142,114.947548,162.720001,97.607094,42.9389
2021-04-15,386.457855,96.846519,71.825768,330.799988,116.871117,165.350006,98.232803,43.269321
2021-04-16,387.749481,96.593529,71.632454,331.187378,115.963455,166.350006,97.967094,43.523506
2021-04-19,385.844482,96.517601,71.590424,328.156372,115.630379,165.889999,97.864235,43.396412
2021-04-20,383.019409,96.669395,71.708099,325.764557,116.163383,166.479996,98.155678,42.676243
2021-04-21,386.643677,96.762169,71.783768,328.553467,116.396484,168.130005,98.207115,43.065983
2021-04-22,383.112396,96.787437,71.817368,324.592926,116.904472,167.039993,98.284271,42.888054
2021-04-23,387.266266,96.770584,71.825768,328.679352,116.629631,166.399994,98.155678,43.379467
2021-04-26,388.074738,96.686279,71.775322,330.819366,116.463043,166.839996,98.052818,43.447243
2021-04-27,387.991089,96.450127,71.590424,329.386261,115.447182,166.419998,97.667068,43.311684
2021-04-28,387.879547,96.50074,71.624046,328.272614,115.522133,166.910004,97.795662,43.430305
2021-04-29,390.35144,96.450127,71.565186,329.453979,115.180756,166.220001,97.624245,43.472672
2021-04-30,387.78656,96.551361,71.666069,327.294617,115.447182,165.660004,97.709923,42.879581
2021-05-03,388.623016,96.612984,71.683762,325.551575,115.516434,167.809998,97.876366,43.328636
2021-05-04,386.225464,96.731209,71.776352,319.692993,116.300308,166.580002,98.00499,42.803345
2021-05-05,386.346283,96.807266,71.818459,318.618103,116.492088,167.270004,98.125061,43.311684
2021-05-06,389.431458,96.824142,71.852089,321.019623,116.683937,170.059998,98.167953,43.667534
2021-05-07,392.265686,96.798798,71.86055,323.624512,116.108521,171.589996,98.202301,44.175892
2021-05-10,388.381409,96.646774,71.692184,315.45166,114.932671,172.110001,98.00499,43.947124
2021-05-11,384.915222,96.435638,71.549072,315.015839,114.282173,172.139999,97.842033,43.421825
2021-05-12,376.737549,96.097786,71.296494,306.862335,113.081314,170.429993,97.370277,42.659298
2021-05-13,381.263092,96.317352,71.439606,309.234741,113.256485,171.130005,97.69622,42.955837
2021-05-14,387.117615,96.536995,71.607979,316.061707,114.315575,172.690002,97.910667,43.642113
2021-05-17,386.132477,96.452492,71.540627,314.144348,114.0737,174.699997,97.816322,43.574337
2021-05-18,382.805664,96.334259,71.464867,312.023621,113.781807,175.039993,97.816322,43.726849
2021-05-19,381.802063,96.199142,71.389084,312.381866,113.506622,175.160004,97.524643,43.337101
2021-05-20,385.909546,96.528534,71.624817,318.424408,114.440636,175.960007,97.927803,43.93866
2021-05-21,385.593567,96.570755,71.641624,316.662018,114.807533,176.039993,97.962128,43.93018
2021-05-24,389.524384,96.663666,71.725845,321.987915,115.232887,176.350006,98.056442,44.201294
2021-05-25,388.660156,96.900139,71.911041,322.433411,116.300308,177.949997,98.416725,44.201294
2021-05-26,389.431458,96.866325,71.885803,323.556732,116.100159,177.639999,98.305214,44.201294
2021-05-27,389.635895,96.748146,71.784729,322.346313,115.633133,177.710007,98.133659,44.286026
2021-05-28,390.332855,96.748146,71.776352,323.362946,115.449707,178.380005,98.125061,44.413128
2021-06-01,389.989044,96.7033,71.771271,322.288147,115.423805,177.899994,98.107063,44.650352
2021-06-02,390.602356,96.830162,71.847176,322.917664,115.691093,178.770004,98.218651,44.777439
2021-06-03,389.152679,96.601784,71.712273,319.557434,115.256798,175.270004,97.969727,44.540203
2021-06-04,392.711761,96.999336,71.998955,324.980225,116.835159,177.160004,98.510483,44.963833
2021-06-07,392.33078,96.931671,71.948349,325.948639,116.476128,177.869995,98.433212,45.065506
2021-06-08,392.414398,97.109261,72.083275,326.103485,117.294525,177.320007,98.716484,45.040089
2021-06-09,391.828979,97.303825,72.226578,326.180969,118.330086,176.979996,99.025467,44.86216
2021-06-10,393.65036,97.506821,72.378365,329.579926,119.039955,177.740005,99.377396,45.006199
2021-06-11,394.300781,97.464516,72.361504,330.441742,118.847862,175.740005,99.231483,45.082451
2021-06-14,395.183655,97.219238,72.176018,333.608246,117.937531,174.710007,98.922493,45.15023
2021-06-15,394.458862,97.261543,72.176018,331.429443,117.795578,174.050003,98.939629,45.158703
2021-06-16,392.256439,96.948616,71.973648,330.219055,117.695335,171.110001,98.261543,44.86216
2021-06-17,392.126373,97.253098,72.21817,334.411987,119.457481,165.850006,98.61348,44.531734
2021-06-18,386.836426,97.515305,72.445831,331.78772,121.704033,164.929993,99.171394,43.684483
2021-06-21,392.374268,97.261543,72.192894,333.849762,119.666298,166.949997,98.853806,44.28577
2021-06-22,394.472046,97.363052,72.294067,336.961853,119.958572,166.25,99.034058,44.32848
2021-06-23,393.996552,97.312302,72.243477,337.126648,119.649597,166.139999,98.836594,44.089325
2021-06-24,396.327423,97.34613,72.277222,339.21106,119.841698,166.039993,98.819473,44.456596
2021-06-25,397.735077,97.151581,72.142265,338.794159,118.597305,166.589996,98.61348,44.601803
2021-06-28,398.536957,97.430717,72.33622,342.91452,119.816597,166.580002,98.922493,44.311401
2021-06-29,398.751404,97.481453,72.369949,344.155396,120.017059,164.830002,98.973961,44.302853
2021-06-30,399.087067,97.549118,72.420555,343.612488,120.551529,165.630005,99.128479,44.003922
2021-07-01,401.296539,97.494919,72.413773,343.74823,120.558205,166.199997,99.057205,44.132034
2021-07-02,404.363892,97.706665,72.540459,347.694061,121.28569,167.289993,99.417915,44.294312
2021-07-06,403.62738,98.020073,72.802254,349.196747,122.707306,168.119995,99.941872,44.029533
2021-07-07,405.053741,98.189423,72.954247,349.933472,123.794388,168.759995,100.233879,44.183281
2021-07-08,401.753387,98.299545,73.021851,347.820007,124.279457,168.649994,100.491562,43.542706
2021-07-09,406.042084,97.977676,72.793808,349.991577,122.53167,169.210007,99.984802,44.294312
2021-07-12,407.49649,97.918396,72.768448,351.358643,122.372795,169.0,99.933266,44.456596
2021-07-13,406.107422,97.706665,72.540459,351.358643,121.436256,169.220001,99.624069,44.208904
2021-07-14,406.713379,98.036934,72.785347,351.98877,122.816002,171.039993,100.053513,44.319942
2021-07-15,405.324219,98.248734,72.962692,349.516571,124.170677,171.070007,100.474396,43.961208
2021-07-16,402.144958,98.164032,72.895119,346.685791,123.936508,169.410004,100.457207,43.61956
2021-07-19,396.206116,98.680672,73.308945,343.845154,126.654297,169.610001,101.316109,42.765453
2021-07-20,401.884003,98.587517,73.232933,347.839325,125.433426,169.389999,101.187248,43.149811
2021-07-21,405.137848,98.265663,72.99646,350.524872,123.844566,168.759995,100.603188,43.773308
2021-07-22,405.986176,98.494324,73.156914,352.841949,125.015228,169.089996,100.835144,43.833092
2021-07-23,410.162903,98.426559,73.072464,356.96225,124.179039,168.559998,100.680504,44.097866
2021-07-26,411.169861,98.341888,73.030258,357.243378,123.811127,168.160004,100.611794,44.149109
2021-07-27,409.295929,98.57058,73.216049,353.307251,125.132393,168.440002,101.041267,43.986835
2021-07-28,409.128052,98.663734,73.283607,354.664459,125.140694,169.289993,101.127159,44.183281
2021-07-29,410.82486,98.502808,73.156914,355.294769,124.446709,171.169998,100.817917,44.516388
2021-07-30,408.829742,98.638321,73.266685,353.442932,125.032066,169.820007,101.101387,44.225983
2021-08-02,407.971954,98.847809,73.440941,353.472076,126.147202,169.610001,101.544853,44.439514
2021-08-03,411.291107,98.881783,73.457848,355.614594,126.214195,169.490005,101.570633,44.755539
2021-08-04,409.267883,98.873299,73.457848,356.128418,126.473724,169.529999,101.544853,44.627422
2021-08-05,411.859741,98.652756,73.288719,358.38736,125.828995,168.860001,101.175285,44.858028
2021-08-06,412.540375,98.211708,72.94191,356.816711,123.727585,164.639999,100.582237,44.678661
2021-08-09,412.204681,98.033569,72.806625,357.476044,123.283829,161.720001,100.367432,44.627422
2021-08-10,412.717346,97.906334,72.69664,355.643707,122.714577,161.770004,100.178299,44.721375
2021-08-11,413.743011,97.999641,72.747391,355.032898,122.639198,164.0,100.290054,45.003231
2021-08-12,414.982971,98.008156,72.755821,356.312653,122.438278,164.039993,100.186943,44.900742
2021-08-13,415.73822,98.364365,73.043396,357.563232,124.372223,166.389999,100.762756,45.131348
2021-08-16,416.717072,98.415283,73.111053,357.718445,124.673637,167.220001,100.986237,44.875118
2021-08-17,413.985413,98.338913,73.034935,354.567566,124.623421,166.970001,100.934639,44.37973
2021-08-18,409.454376,98.347397,73.018036,351.15506,125.042091,167.100006,100.883057,44.268696
2021-08-19,410.088318,98.517036,73.178719,352.851532,125.963051,166.610001,101.106537,43.781849
2021-08-20,413.35141,98.52552,73.161835,356.506561,126.04673,166.699997,101.011986,43.927044
2021-08-23,416.987427,98.52552,73.178719,361.838623,125.963051,168.729996,101.037788,44.388271
2021-08-24,417.649445,98.381325,73.034935,362.943848,124.983429,168.649994,100.762756,44.601803
2021-08-25,418.525726,98.194733,72.916527,363.36087,123.945206,167.479996,100.367432,44.63596
2021-08-26,416.055145,98.203209,72.92498,361.053406,124.28846,167.669998,100.367432,44.354103
2021-08-27,419.775146,98.474594,73.136452,364.562958,125.134155,170.190002,100.694008,44.815327
2021-08-30,421.621124,98.584869,73.221031,368.654175,125.460648,169.350006,100.891655,44.806793
2021-08-31,420.996429,98.440697,73.127991,368.353607,124.606735,169.690002,100.702591,44.806793
2021-09-01,421.220215,98.472107,73.140686,368.964417,124.815422,169.699997,100.745552,45.199673
2021-09-02,422.516113,98.574043,73.242332,368.789764,125.360306,169.25,100.865997,45.4132
2021-09-03,422.413513,98.404167,73.08989,369.924103,124.220184,171.059998,100.625191,45.635273
2021-09-07,420.903198,98.140854,72.878098,370.447632,123.17231,167.710007,100.229568,45.524242
2021-09-08,420.390442,98.302261,72.996674,369.158234,124.010681,167.289993,100.504784,45.191139
2021-09-09,418.591034,98.616493,73.2593,367.888214,125.5112,168.029999,100.788597,45.139889
2021-09-10,415.290649,98.421188,73.08139,365.09613,124.404663,167.179993,100.470337,45.011768
2021-09-13,416.353424,98.548569,73.191513,364.844086,125.159157,167.740005,100.590782,45.353405
2021-09-14,414.106689,98.769424,73.369415,363.806702,126.67646,168.820007,100.969223,45.156967
2021-09-15,417.565552,98.675987,73.301659,366.511566,126.232162,167.830002,100.797195,45.336338
2021-09-16,416.903503,98.506111,73.166107,366.763702,125.653717,164.029999,100.478973,45.208218
2021-09-17,412.842529,98.421188,73.072906,362.42038,125.050179,163.770004,100.186539,44.644501
2021-09-20,405.95871,98.608025,73.276237,354.93158,126.601051,164.940002,100.693977,43.795681
2021-09-21,405.575104,98.650513,73.2593,355.368347,126.492027,166.039993,100.633804,44.172939
2021-09-22,409.531494,98.684494,73.335541,358.687622,127.246483,165.419998,100.728394,44.413006
2021-09-23,414.507355,98.200325,72.945854,361.997162,124.37114,163.509995,99.816734,44.953163
2021-09-24,415.190125,98.030418,72.793365,362.336914,123.155571,163.300003,99.515686,44.541607
2021-09-27,414.002319,97.894524,72.708672,359.444702,122.702896,163.639999,99.249115,44.541607
2021-09-28,405.659332,97.486778,72.395241,349.273224,120.79158,162.050003,98.870735,43.555611
2021-09-29,406.342102,97.554741,72.403687,348.700592,121.001099,161.320007,98.9739,43.41843
2021-09-30,401.375702,97.537796,72.386795,347.419434,120.984398,164.220001,99.094292,43.289822
2021-10-01,406.145721,97.835541,72.632812,349.574127,122.002563,164.589996,99.49881,43.41843
2021-10-04,400.908051,97.767494,72.581871,342.236694,121.691971,165.360001,99.378304,43.015446
2021-10-05,405.079468,97.537788,72.403709,346.856567,120.516876,164.589996,99.068459,43.264095
2021-10-06,406.763062,97.580315,72.437675,349.079193,121.196732,165.029999,99.094299,42.946861
2021-10-07,410.279724,97.308098,72.234047,352.282013,119.929199,164.160004,98.69841,43.306969
2021-10-08,409.531494,97.095352,72.05587,350.525238,119.089882,164.229996,98.483231,43.315548
2021-10-11,406.566589,96.942261,71.945595,347.836792,118.787697,163.919998,98.242287,43.186928
2021-10-12,405.565826,97.299568,72.208618,346.623566,120.819038,164.660004,98.689804,43.169773
2021-10-13,407.024841,97.520782,72.403709,349.399384,121.994148,167.589996,98.879128,43.649925
2021-10-14,413.871368,97.707886,72.530952,355.834137,122.447426,168.0,99.111511,44.12149
2021-10-15,417.023315,97.469681,72.352821,358.076233,121.733879,165.330002,98.620964,44.473019
2021-10-18,418.257874,97.401672,72.310364,361.676941,122.304726,164.919998,98.483231,44.31012
2021-10-19,421.484711,97.120941,72.106789,364.413879,120.617538,165.449997,98.130356,44.618774
2021-10-20,423.140198,97.052849,72.021957,363.938385,119.80336,166.899994,98.087357,44.773113
2021-10-21,424.243866,96.848679,71.920135,366.160828,119.660683,166.75,97.82917,44.55019
2021-10-22,423.804291,97.035828,72.072838,363.084198,120.978477,167.770004,98.078773,44.755962
2021-10-25,426.076965,97.129395,72.106789,366.801483,120.793839,168.929993,98.199249,44.721672
2021-10-26,426.46051,97.308098,72.25103,367.956451,121.792694,167.679993,98.319733,44.807407
2021-10-27,424.571136,97.631363,72.514023,368.810486,124.008575,168.119995,98.870552,44.567337
2021-10-28,428.667908,97.554779,72.4207,372.90625,123.588913,168.080002,98.612335,45.021751
2021-10-29,429.537628,97.529266,72.437675,374.74057,123.966637,166.649994,98.655365,44.687374
2021-11-01,430.276489,97.469589,72.381592,376.021759,123.074112,167.520004,98.647591,45.107494
2021-11-02,432.016144,97.665604,72.517525,377.594025,123.620361,167.160004,98.888763,45.004604
2021-11-03,434.653717,97.469589,72.390076,381.602417,122.342911,165.770004,98.578751,45.313271
2021-11-04,436.702118,97.793404,72.721481,386.494049,123.628799,167.649994,99.112671,45.278973
2021-11-05,438.217224,98.17688,72.942383,386.862793,125.477783,169.839996,99.655266,45.373283
2021-11-08,438.59137,97.997917,72.78096,386.338684,125.242447,170.449997,99.224663,45.399002
2021-11-09,437.141754,98.270592,72.984894,383.679382,126.872887,171.289993,99.681129,45.287548
2021-11-10,433.624939,97.605949,72.492035,378.040466,124.553268,173.149994,98.828484,44.713097
2021-11-11,433.765259,97.427017,72.373062,379.088684,124.368347,174.119995,98.509819,44.867432
2021-11-12,437.038818,97.409966,72.381592,383.077637,123.822075,174.449997,98.71653,45.176083
2021-11-15,437.188446,97.052101,72.08416,382.990326,122.267265,174.179993,98.328957,45.098923
2021-11-16,438.918762,97.018013,72.03318,385.717651,121.956306,172.919998,98.242874,44.996033
2021-11-17,437.85257,97.248055,72.186142,385.921448,122.922806,174.5,98.595947,44.884571
2021-11-18,439.339539,97.333305,72.271118,389.920074,123.385017,173.940002,98.65625,44.918869
2021-11-19,438.554016,97.520767,72.424065,392.094086,124.687698,172.610001,98.923225,44.575924
2021-11-22,437.319366,97.052101,72.067177,387.542114,123.225334,168.740005,98.199753,44.335838
2021-11-23,437.899292,96.668655,71.778259,385.775818,121.443649,167.279999,97.794991,44.258671
2021-11-24,439.06839,96.890198,71.948196,387.018036,123.39344,167.119995,98.096443,44.027172
2021-11-26,429.275787,97.580399,72.458061,379.680725,126.511475,166.850006,99.362457,42.826828
2021-11-29,434.541565,97.631516,72.449547,387.920685,125.494545,166.619995,99.138512,43.0326
2021-11-30,426.086334,97.793404,72.58551,382.223572,127.40239,165.5,99.732811,42.612476
2021-12-01,421.35376,97.812172,72.632324,375.720825,128.188278,166.160004,99.9207,42.389553
2021-12-02,427.807343,97.795113,72.640823,378.428741,128.348114,165.240005,99.705177,42.981163
2021-12-03,424.084839,98.187607,72.921715,371.848328,129.879639,166.630005,100.291328,42.766808
2021-12-06,429.107422,97.846306,72.725952,374.827942,128.095764,166.220001,99.791412,43.178356
2021-12-07,437.983459,97.692703,72.56424,386.115448,127.060738,166.809998,99.41217,44.104347
2021-12-08,439.143158,97.436752,72.342964,387.843048,124.864532,166.899994,99.093269,44.164352
2021-12-09,436.178253,97.445267,72.377022,382.1362,125.562927,165.880005,99.343216,43.778538
2021-12-10,440.284302,97.470886,72.402504,386.290192,125.260025,166.580002,99.41217,43.838551
2021-12-13,436.384064,97.812172,72.649353,380.709503,127.11116,167.0,99.8862,43.392704
2021-12-14,433.381775,97.624466,72.530197,376.769012,126.808296,165.440002,99.713821,43.169773
2021-12-15,440.153229,97.547676,72.436554,385.358398,125.588158,166.149994,99.567299,43.70137
2021-12-16,436.271881,97.68177,72.530197,375.449097,125.637009,168.160004,99.857185,43.709953
2021-12-17,431.628632,97.801331,72.65786,373.575928,127.060707,167.800003,100.081505,43.204082
2021-12-20,427.03894,97.656143,72.538696,369.952118,126.108795,167.089996,99.995209,42.99424
2021-12-21,434.622742,97.579262,72.462105,378.231812,125.62854,167.020004,99.598366,43.534077
2021-12-22,438.968414,97.66468,72.538696,382.838043,126.209908,168.589996,99.693283,43.978115
2021-12-23,441.699738,97.545082,72.428574,385.724274,125.114761,168.970001,99.486229,44.24802
2021-12-27,447.950745,97.596375,72.462715,392.099335,125.418015,169.369995,99.520721,44.587593
2021-12-28,447.584686,97.553665,72.454178,390.282013,124.920952,168.639999,99.503487,44.587593
2021-12-29,448.157257,97.263229,72.215111,390.223694,123.556252,168.589996,98.994484,44.57888
2021-12-30,446.918213,97.476761,72.377312,389.057556,124.592384,169.800003,99.322281,44.474403
2021-12-31,445.791901,97.442612,72.360252,386.628143,124.836685,170.960007,99.210152,44.456989
2022-01-03,448.373077,96.776352,71.873596,390.350067,121.559784,168.330002,98.287056,44.726902
2022-01-04,448.222809,96.767815,71.865067,385.287048,121.054298,169.570007,98.235306,44.892334
2022-01-05,439.616058,96.468857,71.617462,373.4505,120.397232,169.059998,97.821182,44.500523
2022-01-06,439.203033,96.366348,71.540604,373.18811,120.708961,166.990005,97.579651,44.256729
2022-01-07,437.466705,96.084488,71.3442,369.145508,119.841263,167.75,97.260445,44.439568
2022-01-10,436.922211,95.999054,71.28447,369.388458,120.136093,168.259995,97.234596,44.030354
2022-01-11,440.901947,96.178436,71.429626,374.937469,120.936378,170.289993,97.467514,44.552765
2022-01-12,442.093872,96.178436,71.403961,376.424194,120.47303,170.740005,97.484802,45.031635
2022-01-13,436.002472,96.349258,71.523529,367.007477,121.5429,170.160004,97.795319,44.709484
2022-01-14,436.180847,95.811142,71.130753,369.291229,119.706467,169.669998,97.122414,44.605003
2022-01-18,428.456207,95.230286,70.686775,360.098083,118.02166,169.389999,96.389153,43.951992
2022-01-19,424.007355,95.435364,70.857567,356.142975,118.838799,172.080002,96.622032,43.943283
2022-01-20,419.314301,95.486557,70.934387,351.517151,119.571671,171.649994,96.829109,43.664673
2022-01-21,411.082947,95.862419,71.199059,341.77002,120.995346,171.089996,97.389862,43.063896
2022-01-24,412.828674,95.751373,71.088066,343.334564,120.00132,172.029999,97.303612,42.58503
2022-01-25,407.788422,95.657394,70.994148,335.37561,119.807571,172.580002,97.174194,42.358639
2022-01-26,406.765411,95.119278,70.601379,334.850952,118.358612,169.789993,96.484032,42.158386
2022-01-27,404.756866,95.435364,70.831947,331.478699,120.532021,167.600006,96.889503,41.879768
2022-01-28,414.809052,95.503677,70.917305,341.876984,120.574135,167.100006,97.113792,42.071316
2022-01-31,422.280243,95.49511,70.866112,352.809631,119.950775,168.089996,97.113792,42.741749
2022-02-01,425.133636,95.461761,70.837883,355.209991,119.552574,168.229996,96.982552,43.168381
2022-02-02,429.263428,95.5644,70.940475,358.096191,119.957512,168.839996,97.181152,43.516655
2022-02-03,419.173553,95.179482,70.641182,343.577576,119.021141,168.600006,96.766693,42.820103
2022-02-04,421.144653,94.580681,70.204964,347.911865,117.266464,168.860001,96.02401,42.933292
2022-02-07,419.79306,94.666222,70.264862,345.113098,117.342384,170.110001,96.049942,43.011662
2022-02-08,423.247009,94.375397,70.033951,348.990509,116.557892,170.630005,95.739067,43.220615
2022-02-09,429.441772,94.435318,70.085274,356.385895,116.777191,171.210007,95.868599,43.908459
2022-02-10,421.726562,93.562767,69.44384,348.319977,114.921318,170.559998,94.987816,43.394756
2022-02-11,413.410706,94.178658,69.897118,337.270691,116.625359,173.809998,95.972221,42.793976
2022-02-14,412.059021,93.631233,69.503738,337.688538,115.174408,174.740005,95.307335,42.541492
2022-02-15,418.704315,93.477272,69.358322,346.084869,113.866844,173.080002,95.0224,43.246742
2022-02-16,419.173553,93.588448,69.452385,345.997375,114.541725,174.860001,95.220955,43.429577
2022-02-17,410.219452,93.785187,69.606361,335.706024,115.393684,177.25,95.730453,42.767868
2022-02-18,407.563141,93.981934,69.726074,331.877289,116.608459,177.119995,96.041267,42.541492
2022-02-22,403.189392,93.879272,69.68335,328.543915,116.912201,177.490005,96.0327,42.097446
2022-02-23,396.037445,93.460114,69.332672,320.128174,115.300941,178.289993,95.531815,41.705635
2022-02-24,401.997437,93.631233,69.48658,330.885956,115.376846,177.139999,95.756348,41.165817
2022-02-25,410.867065,93.725334,69.546478,336.01709,115.461166,176.550003,95.730453,42.201923
2022-02-28,409.815918,94.401093,70.059608,337.017944,117.991974,178.380005,96.818459,41.609867
2022-03-01,403.57428,94.933052,70.427094,331.857758,119.356125,181.619995,97.761436,40.791416
2022-03-02,410.998505,93.793678,69.561935,337.426117,115.276283,179.729996,96.292137,41.287701
2022-03-03,408.952393,94.110687,69.870293,332.60611,116.450394,180.800003,96.70697,40.634693
2022-03-04,405.629791,94.487564,70.118721,327.785919,118.4608,183.679993,97.666389,39.589886
2022-03-07,393.67215,93.939354,69.776093,315.696869,117.556961,186.410004,97.251488,38.423168
2022-03-08,390.687408,93.605232,69.450607,314.229462,116.374367,191.509995,96.620567,38.658257
2022-03-09,401.162079,93.408249,69.262138,325.541138,115.233994,185.820007,96.02417,40.138405
2022-03-10,399.350616,92.885658,68.893837,321.925964,113.578407,186.399994,95.583397,39.685654
2022-03-11,394.272797,92.868568,68.842453,315.249878,113.958519,185.089996,95.557449,39.311256
2022-03-14,391.391357,91.96907,68.208565,309.195618,111.297745,182.300003,94.34745,39.563744
2022-03-15,399.998199,92.174652,68.319923,318.894043,111.103416,178.889999,94.304222,39.912025
2022-03-16,408.867798,92.243233,68.422714,330.720764,112.193138,180.009995,94.174568,41.261589
2022-03-17,413.983185,92.397408,68.482674,334.724548,111.356819,180.889999,93.993088,41.635986
2022-03-18,418.517426,92.602997,68.679688,341.575806,112.716766,179.300003,94.269646,41.992958
2022-03-21,418.39505,91.694954,67.977325,340.626068,110.106682,180.669998,93.042351,41.768814
2022-03-22,423.290894,91.44651,67.806,347.320221,108.696014,179.360001,92.532372,42.152561
2022-03-23,417.839569,91.823441,68.114365,342.328735,111.078125,181.809998,93.154694,41.620533
2022-03-24,424.138245,91.617813,68.028694,349.937683,110.208046,183.130005,92.636124,41.951965
2022-03-25,426.209625,90.889687,67.4291,349.645721,108.679169,182.380005,91.685387,42.013016
2022-03-28,429.24115,91.112427,67.626099,355.055664,109.608292,179.059998,91.892822,41.882202
2022-03-29,434.551239,91.540749,67.925888,361.165985,110.436119,179.139999,92.350876,42.702042
2022-03-30,431.86795,91.789177,68.080086,357.176758,111.297745,180.580002,92.713905,42.545044
2022-03-31,425.221008,91.746346,68.1315,352.749603,111.568001,180.649994,92.886757,41.890907
2022-04-01,426.426086,91.583336,67.983795,352.078278,111.992691,179.5,92.281929,42.257229
2022-04-04,430.079102,91.660561,68.035309,359.327057,111.214417,180.369995,92.221344,42.440388
2022-04-05,424.646637,90.733994,67.348343,351.34848,108.701775,179.240005,91.122459,41.934528
2022-04-06,420.400543,90.502357,67.142258,343.720154,107.821945,179.660004,90.802322,41.393768
2022-04-07,422.518829,90.305023,67.00486,344.537537,107.009834,180.339996,90.577339,41.43737
2022-04-08,421.389069,89.850357,66.644196,339.721161,105.850815,181.470001,90.118736,41.428658
2022-04-11,414.186523,89.464249,66.335068,331.684265,104.175713,182.369995,89.686096,40.992565
2022-04-12,412.651917,89.747375,66.549759,330.283112,104.031898,183.770004,90.118736,40.722187
2022-04-13,417.378204,89.927567,66.627037,336.996857,104.243401,184.649994,90.317726,41.2019
2022-04-14,412.181061,89.198311,66.171898,329.29071,102.153793,184.039993,89.504379,41.001286
2022-04-18,412.350616,88.923767,65.95723,329.543701,101.646187,184.610001,89.244797,40.826859
2022-04-19,419.006958,88.383255,65.545059,336.90921,100.884804,181.820007,88.656418,41.010017
2022-04-20,418.69635,88.889473,65.95723,331.995636,102.915184,182.710007,89.348656,41.315269
2022-04-21,412.435303,88.400467,65.605171,325.126282,102.153793,182.059998,88.855423,40.826859
2022-04-22,401.1185,88.314636,65.519302,316.612488,101.510849,180.289993,88.898697,40.076778
2022-04-25,403.444031,88.906624,65.931465,320.679626,102.526024,177.050003,89.469788,39.84129
2022-04-26,391.759918,89.181129,66.10321,308.575623,103.558121,177.320007,90.066803,38.759781
2022-04-27,392.861481,88.820831,65.897133,308.205902,102.229973,175.979996,89.564957,38.934216
2022-04-28,402.784973,88.786514,65.871361,319.1521,102.38221,176.929993,89.435158,39.544746
2022-04-29,387.899719,88.254585,65.42485,304.79071,101.053986,176.910004,88.959259,39.047604
2022-05-02,390.23468,87.774147,65.090157,309.879395,99.302368,173.630005,88.296516,38.916771
2022-05-03,392.023529,87.97184,65.245049,310.210297,99.97184,174.089996,88.400497,39.230762
2022-05-04,403.961853,88.53904,65.666588,320.699158,100.522682,175.800003,88.972275,39.902336
2022-05-05,389.603882,87.662437,65.012741,304.547455,97.768501,175.130005,88.079903,38.628956
2022-05-06,387.278442,87.29287,64.737442,300.898651,96.327866,175.419998,87.577454,38.280071
2022-05-09,374.878754,87.72258,65.029945,289.125458,97.175278,172.880005,88.227234,37.093914
2022-05-10,375.744965,87.989044,65.219246,292.638,98.056595,171.419998,88.521759,37.277069
2022-05-11,369.775818,88.315636,65.442871,283.958801,99.946419,172.820007,89.067581,37.085194
2022-05-12,369.389771,88.478912,65.571968,283.287506,99.759979,170.169998,89.362091,36.945644
2022-05-13,378.2211,88.100761,65.331062,293.786163,98.285446,168.789993,88.894295,37.983532
2022-05-16,376.686401,88.298454,65.434326,290.380615,98.183739,170.399994,89.266808,38.03587
2022-05-17,384.435059,87.817162,65.047165,297.901917,96.997345,169.330002,88.591042,38.768501
2022-05-18,368.937836,88.169502,65.322464,283.27774,99.065086,169.419998,89.223473,37.843994
2022-05-19,366.678223,88.392975,65.460114,281.759918,99.302368,171.910004,89.544044,38.236465
2022-05-20,366.838318,88.659409,65.658005,280.884155,100.429474,172.029999,89.959869,38.454525
2022-05-23,373.701843,88.36718,65.42572,285.554596,98.776932,172.830002,89.414101,39.117378
2022-05-24,370.849121,89.046158,65.959084,279.483032,100.726067,174.130005,90.185127,38.977825
2022-05-25,374.12558,89.41571,66.225792,283.394562,101.124344,173.080002,90.367027,38.960381
2022-05-26,381.601105,89.346924,66.156952,291.246552,100.666748,172.759995,90.323738,39.387756
2022-05-27,390.969025,89.493034,66.346199,300.752747,100.912506,172.850006,90.453667,39.876175
2022-05-31,388.77533,88.925827,65.967682,299.954895,98.776932,171.139999,89.509369,39.693008
2022-06-01,385.630676,88.560776,65.672897,297.73645,98.664017,172.229996,89.00544,39.335419
2022-06-02,392.974457,88.672684,65.733223,305.890167,98.714981,174.350006,89.135513,40.163994
2022-06-03,386.525146,88.526321,65.63842,297.93103,98.502747,172.580002,88.962029,39.544746
2022-06-06,387.702057,87.983894,65.250511,298.923553,96.686012,171.820007,88.294128,39.693008
2022-06-07,391.42099,88.319656,65.474625,301.501953,97.730225,172.940002,88.649773,39.788956
2022-06-08,387.165375,87.958069,65.207428,299.332153,96.864258,172.779999,88.320145,39.291809
2022-06-09,377.957489,87.863342,65.121246,291.314697,97.186882,172.229996,88.242104,38.471962
2022-06-10,366.998322,87.183159,64.569572,281.039856,96.584129,174.539993,87.374664,37.582333
2022-06-13,353.064056,85.753944,63.526608,267.972534,93.553413,169.929993,85.821999,36.300224
2022-06-14,352.000214,85.246002,63.181816,268.458984,92.37339,168.570007,85.136742,35.968796
2022-06-15,357.018433,86.193054,63.905872,275.162933,94.096703,170.770004,86.32505,36.605488
2022-06-16,345.202515,86.399689,64.0438,264.061157,94.843803,172.690002,86.888908,35.724586
2022-06-17,345.946594,86.391052,64.078262,267.272003,95.149422,171.270004,86.914948,35.602482
2022-06-21,354.655457,86.046684,63.785213,274.015106,93.53643,170.630005,86.463913,36.150345
2022-06-22,354.012451,86.778519,64.310989,273.615479,96.108696,171.309998,87.556801,35.814556
2022-06-23,357.482635,87.140137,64.621315,277.690399,96.898224,170.259995,88.051254,35.682018
2022-06-24,368.84845,87.002411,64.500641,287.205017,95.556908,170.089996,87.738976,36.742397
2022-06-27,367.439545,86.614922,64.190331,285.099396,94.741928,169.899994,87.24456,36.671707
2022-06-28,359.931763,86.649376,64.224823,276.41333,95.18338,169.619995,87.35733,36.477295
2022-06-29,359.63855,87.148727,64.595444,276.666718,96.669029,169.490005,88.059906,36.256378
2022-06-30,356.716736,87.544792,64.871277,273.23526,97.517967,168.460007,88.736504,36.053143
2022-07-01,360.489532,88.274536,65.388588,275.038788,98.519135,168.320007,89.687767,36.132675
2022-07-05,361.170441,88.438423,65.500916,279.747406,99.293243,164.75,90.017876,35.355049
2022-07-06,362.390137,87.843224,65.103607,281.541077,97.625977,162.139999,89.25341,35.355049
2022-07-07,367.817657,87.644867,64.922218,287.565765,96.766891,162.229996,88.706108,35.929436
2022-07-08,367.515137,87.317078,64.706322,287.926544,95.695076,162.300003,88.167503,36.017799
2022-07-11,363.316864,87.722488,64.948158,281.775024,97.345276,161.429993,88.862503,35.416916
2022-07-12,360.101868,87.843224,65.060425,279.04541,97.923721,160.830002,89.070969,35.381561
2022-07-13,358.210754,88.162361,65.267685,278.470306,99.046539,161.600006,89.453201,35.337391
2022-07-14,357.34082,87.851845,65.060425,279.46463,98.238441,159.330002,88.958031,34.816025
2022-07-15,364.167938,88.196899,65.293617,284.533875,98.791344,159.009995,89.262077,35.346214
2022-07-18,361.16095,87.91227,65.094948,282.125977,97.762085,159.160004,89.001488,35.567135
2022-07-19,370.91922,87.791496,65.043129,290.802338,97.234695,159.539993,88.593178,36.486141
2022-07-20,373.283142,87.731133,64.982712,295.413483,97.489891,158.039993,88.506317,36.309402
2022-07-21,377.08429,88.464287,65.518173,299.654083,99.17408,160.270004,89.514,36.715885
2022-07-22,373.585724,89.154335,66.053658,294.399567,100.841347,160.669998,90.539101,36.592171
2022-07-25,374.039612,88.826576,65.811821,292.722839,99.854637,160.229996,90.217682,36.892624
2022-07-26,369.614349,88.809311,65.829117,286.971039,99.93119,160.039993,90.252464,36.388943
2022-07-27,379.211914,89.119812,66.010475,299.098419,99.369759,161.669998,90.434891,37.219578
2022-07-28,383.96817,89.758102,66.468208,302.02301,100.160866,163.639999,91.329689,37.45816
2022-07-29,389.565948,89.766739,66.416382,307.530975,99.888626,164.100006,91.364433,37.961834
2022-08-01,388.412231,90.077866,66.704552,307.345764,102.294342,165.029999,91.89875,37.961834
2022-08-02,385.849792,89.153145,66.029549,306.429413,100.129814,164.050003,90.628189,37.369801
2022-08-03,391.892059,89.550705,66.358398,314.774231,101.706306,164.449997,91.002388,37.634892
2022-08-04,391.627228,89.766747,66.522858,316.246246,101.672203,167.169998,91.463615,37.820446
2022-08-05,390.965363,88.764252,65.769936,313.662964,99.252083,165.289993,90.140862,37.555351
2022-08-08,390.511383,89.170448,66.064156,312.649078,100.854164,166.690002,90.671722,37.670235
2022-08-09,388.960754,88.971664,65.917068,309.110321,100.462173,167.199997,90.401939,37.440491
2022-08-10,397.130463,89.196335,66.098793,317.737885,99.805984,166.779999,90.454132,38.332977
2022-08-11,397.130463,88.721054,65.726654,315.934326,97.479576,166.339996,89.853668,38.332977
2022-08-12,403.853485,89.118584,66.029549,322.085785,98.468086,167.869995,90.21048,38.651089
2022-08-15,405.51767,89.230934,66.098793,324.68866,98.382881,165.710007,90.497658,38.377155
2022-08-16,406.31192,89.101303,66.01223,323.928253,98.791908,165.419998,90.393227,38.412506
2022-08-17,403.427917,88.574112,65.622826,320.233521,97.760773,164.350006,89.78405,38.085552
2022-08-18,404.600464,88.764252,65.743973,321.003601,97.905655,163.919998,89.958115,37.961834
2022-08-19,399.163452,88.141998,65.328583,314.744965,96.329132,162.720001,89.183601,37.396297
2022-08-22,390.851929,87.76178,65.034378,306.458618,96.005318,161.639999,88.791946,36.79541
2022-08-23,389.906311,87.727196,65.008385,306.205231,95.476982,162.770004,88.574409,36.866108
2022-08-24,391.154449,87.493866,64.843964,307.092407,94.778191,163.25,88.278503,36.91029
2022-08-25,396.676575,87.977829,65.198776,312.522308,96.099075,163.75,88.844131,37.343273
2022-08-26,383.249542,87.813614,65.068954,299.712616,96.823395,161.759995,88.739723,36.353596
2022-08-29,380.715363,87.390121,64.774742,296.758667,96.022354,161.860001,88.235008,36.265224
2022-08-30,376.535889,87.502495,64.826668,293.453888,96.260986,160.509995,88.20887,35.964783
2022-08-31,373.670868,87.035805,64.558395,291.747894,95.34063,159.270004,87.843361,35.752697
2022-09-01,374.843384,86.658241,64.208023,291.874664,93.595085,157.869995,87.145065,35.275524
2022-09-02,370.8909,86.909378,64.372826,287.751038,94.124588,159.259995,87.633263,35.054611
2022-09-06,369.491486,86.09536,63.791786,285.684235,91.793228,158.330002,86.65686,34.904388
2022-09-07,376.129364,86.692879,64.251389,291.455505,93.24498,159.940002,87.223526,35.204834
2022-09-08,378.58783,86.415779,64.051918,292.966522,92.288528,158.979996,86.900948,35.257854
2022-09-09,384.469269,86.407097,64.025925,299.371429,92.493484,159.820007,86.909683,36.168026
2022-09-12,388.60141,86.277214,63.947887,302.929718,91.733482,160.630005,86.700455,36.627525
2022-09-13,371.704102,85.792282,63.62698,286.317932,91.94696,158.539993,86.21225,35.372723
2022-09-14,373.122498,85.904854,63.705067,288.589386,92.262901,157.929993,86.255836,35.531796
2022-09-15,368.88623,85.645058,63.514256,283.783356,92.20314,154.979996,85.959412,35.18716
2022-09-16,366.072083,85.584412,63.444901,282.048065,91.434593,155.839996,86.029152,34.957409
2022-09-19,368.91095,85.454536,63.401516,284.244415,91.648064,155.960007,85.785057,35.090363
2022-09-20,364.676361,85.073479,63.089355,281.978729,90.734299,155.070007,85.253265,34.505375
2022-09-21,358.314972,85.341957,63.262775,276.929596,92.254372,155.789993,85.593285,34.062206
2022-09-22,355.305237,84.432701,62.612366,273.52121,89.897392,155.699997,84.302986,33.90266
2022-09-23,349.352112,84.17289,62.438953,269.067841,90.264618,153.009995,84.407631,32.794735
2022-09-26,345.896179,83.090424,61.641109,267.954498,88.539619,151.229996,83.004021,32.27179
2022-09-27,345.013153,82.735397,61.372265,268.061951,86.208275,151.539993,82.43734,32.076797
2022-09-28,351.801758,84.068985,62.326221,273.394196,89.094681,154.690002,84.294304,32.794735
2022-09-29,344.453033,83.627319,62.005314,265.512909,88.633537,154.660004,83.902,32.387012
2022-09-30,339.126526,83.428146,61.857883,261.010742,87.489227,154.669998,83.684021,32.227467
2022-10-03,348.079803,84.10598,62.375874,267.134094,88.879372,158.429993,84.677208,32.945408
2022-10-04,358.865692,84.331604,62.532337,275.53302,88.631119,160.699997,84.851883,34.257206
2022-10-05,358.030151,83.888985,62.202087,275.386566,87.783714,159.809998,84.048294,33.84948
2022-10-06,354.336823,83.559189,61.967422,273.218445,87.295769,159.630005,83.585327,33.282219
2022-10-07,344.453033,83.116608,61.645844,262.807648,86.448326,157.880005,83.174774,32.75927
2022-10-10,341.822937,82.743362,61.367737,260.180603,85.104378,155.479996,82.685623,32.537693
2022-10-11,339.658142,82.795464,61.385109,256.606232,85.481026,155.160004,82.895248,32.156559
2022-10-12,338.537811,82.864906,61.454651,256.51825,85.900475,155.990005,83.166039,32.076797
2022-10-13,347.47226,82.604546,61.237335,262.534302,85.078705,154.910004,82.81665,32.74155
2022-10-14,339.553741,82.153229,60.941864,254.643188,84.376778,152.979996,82.353683,32.183159
2022-10-17,348.279266,82.326828,61.072227,263.051941,83.965904,153.419998,82.44101,33.034046
2022-10-18,352.371429,82.465683,61.211288,265.13208,84.16275,153.75,82.650696,33.25563
2022-10-19,349.87439,81.754021,60.707169,264.165161,82.630516,151.690002,81.785919,32.8745
2022-10-20,346.940552,81.259338,60.298752,262.817505,81.218102,151.449997,81.174469,32.785873
2022-10-21,355.371674,81.380859,60.40303,268.979919,79.754318,154.149994,81.357887,33.397442
2022-10-24,359.720184,81.268005,60.316109,271.939148,79.09523,153.649994,81.253052,33.344261
2022-10-25,365.464447,82.066467,60.889729,277.564331,81.397865,154.0,82.266327,34.088787
2022-10-26,362.710968,82.430969,61.133057,271.431244,82.570572,154.979996,82.685623,34.434456
2022-10-27,360.774048,82.847534,61.454651,266.489594,83.435188,154.740005,83.270866,34.204021
2022-10-28,369.357147,82.639252,61.332943,274.644318,82.861618,153.160004,82.842842,34.469917
2022-10-31,366.689209,82.361557,61.141762,271.450775,82.270981,151.910004,82.467239,34.186295
2022-11-01,365.084686,82.514633,61.205357,268.677124,83.039841,153.460007,82.452362,34.478786
2022-11-02,355.922394,82.37545,61.109531,259.467682,82.679459,152.389999,82.312294,33.955841
2022-11-03,352.257477,82.070984,60.874306,254.399002,82.233246,151.809998,81.953384,33.681072
2022-11-04,357.327606,82.062271,60.89175,258.491058,80.851654,156.470001,81.77829,34.966282
2022-11-07,360.745697,81.801346,60.65654,261.333008,80.045052,155.850006,81.489441,35.116955
2022-11-08,362.691986,82.149269,60.926598,263.237427,80.920326,159.449997,82.032196,35.542393
2022-11-09,355.219788,82.24498,61.013714,257.162811,81.18634,158.649994,82.312294,35.046055
2022-11-10,374.74054,84.010818,62.276806,276.138519,84.309891,163.479996,84.159355,36.996002
2022-11-11,378.367523,83.949875,62.276806,281.226715,84.000969,164.559998,83.984291,37.687359
2022-11-14,375.148773,83.715012,62.076481,278.765625,83.794998,164.919998,83.782936,37.253044
2022-11-15,378.348511,84.332619,62.512035,282.623291,85.150856,165.5,84.404449,37.483494
2022-11-16,375.462158,84.854546,62.869194,278.765625,87.012962,165.119995,85.025978,37.341682
2022-11-17,374.313354,84.49791,62.607883,278.150391,86.094742,163.919998,84.448242,37.297363
2022-11-18,376.012787,84.376122,62.503342,278.160095,85.502655,162.789993,84.150597,37.359406
2022-11-21,374.645599,84.323921,62.503342,275.298645,85.86306,161.880005,84.098038,37.058044
2022-11-22,379.687256,84.758904,62.825642,279.263702,87.081612,162.070007,84.579536,37.607578
2022-11-23,382.079865,85.263382,63.208923,282.066589,88.600479,163.080002,85.034706,38.041893
2022-11-25,381.994415,85.280762,63.208923,280.211029,88.300102,163.220001,85.008476,38.201427
2022-11-28,375.898895,85.141594,63.130527,276.099426,88.548958,161.929993,85.043488,37.669621
2022-11-29,375.253326,84.837128,62.895336,274.009613,87.510658,162.729996,84.684593,37.76712
2022-11-30,387.074066,85.49823,63.383183,286.500366,88.154251,164.809998,85.446182,38.476189
2022-12-01,386.789185,86.209679,63.911392,286.85202,90.97039,167.839996,86.379433,38.804146
2022-12-02,386.342926,86.567116,64.173325,285.709351,92.114418,167.259995,86.554863,38.768692
2022-12-05,379.392883,85.88707,63.666935,280.914215,90.824188,164.389999,85.67775,38.183708
2022-12-06,373.924011,86.139915,63.876476,275.093567,91.993988,164.839996,86.203995,37.926662
2022-12-07,373.287933,86.907188,64.435265,273.970428,94.161591,166.330002,86.958328,37.926662
2022-12-08,376.21225,86.645607,64.2519,277.21283,93.903526,166.470001,86.467148,38.139393
2022-12-09,373.401794,86.131218,63.876476,275.445099,91.460701,167.059998,85.826859,38.165977
2022-12-12,378.785309,86.148598,63.876476,278.902283,91.753159,165.679993,85.704056,38.263474
2022-12-13,381.652649,86.72406,64.313049,281.900543,92.639091,168.509995,86.475899,38.759823
2022-12-14,379.212494,86.915894,64.470169,279.810699,93.03476,168.100006,86.71273,38.742104
2022-12-15,369.93634,87.043457,64.505119,270.415588,93.397774,165.350006,86.88147,37.73167
2022-12-16,365.568787,86.816269,64.339218,267.83728,92.354477,166.789993,86.661781,37.439175
2022-12-19,362.468964,86.283218,63.955059,264.073242,90.802422,166.320007,85.958694,37.358471
2022-12-20,362.964905,85.697754,63.535946,263.867645,89.190056,169.080002,85.334709,37.537819
2022-12-21,368.392151,85.93367,63.684353,267.695343,89.414246,168.800003,85.440186,37.914452
2022-12-22,363.136627,85.907455,63.675667,261.14621,89.396996,166.759995,85.413826,37.582661
2022-12-23,365.225464,85.610352,63.476116,261.733521,88.08638,167.259995,85.027161,37.770966
2022-12-27,363.785217,84.989914,62.986027,258.033051,86.344673,168.669998,84.315277,37.842712
2022-12-28,359.264099,84.841362,62.89851,254.626312,85.83593,167.910004,84.113136,37.412277
2022-12-29,365.730988,85.155945,63.134815,260.832855,86.810295,168.850006,84.526176,38.004135
2022-12-30,364.767639,84.753998,62.872253,260.676208,85.844543,169.639999,84.174652,37.636456
2023-01-03,363.231964,85.252068,63.204807,258.914124,87.482834,171.059998,84.833817,37.842712
2023-01-04,366.036163,85.723976,63.563622,260.147552,88.68132,172.669998,85.484123,38.407658
2023-01-05,361.858429,85.654037,63.493629,256.075165,89.052078,170.520004,85.361069,37.977215
2023-01-06,370.156708,86.589058,64.193771,263.143158,90.690346,173.710007,86.459618,39.026417
2023-01-09,369.946869,86.80751,64.368805,264.846619,91.173195,174.100006,86.679352,39.1968
2023-01-10,372.541199,86.475449,64.11499,267.088409,89.664291,174.740005,86.13446,39.295441
2023-01-11,377.253082,87.008507,64.456306,271.709106,91.12149,174.619995,86.688141,39.59137
2023-01-12,378.626617,87.637672,64.955154,273.17746,92.91494,176.639999,87.461487,40.165283
2023-01-13,380.095459,87.314369,64.736382,275.057129,92.044067,178.759995,86.995697,40.371532
2023-01-17,379.399139,87.157074,64.648857,275.615082,91.449135,177.589996,86.723297,40.48811
2023-01-18,373.409149,88.022163,65.243965,272.032043,93.665077,177.080002,87.900932,40.308762
2023-01-19,370.690887,87.821159,65.112701,269.359558,93.078758,179.889999,87.733932,40.263927
2023-01-20,377.596436,87.462875,64.823898,276.73111,91.569847,179.289993,87.1539,40.676426
2023-01-23,382.127045,87.244438,64.666351,282.878937,91.13868,179.630005,86.872696,40.846817
2023-01-24,381.716919,87.628929,64.955154,282.301361,92.449333,180.279999,87.373611,40.837849
2023-01-25,381.859955,87.733803,65.033936,281.674774,92.6735,181.110001,87.470306,41.044098
2023-01-26,386.056763,87.585236,64.911377,287.166718,92.242386,179.470001,87.1539,41.169636
2023-01-27,386.943817,87.454178,64.841377,290.025269,92.00956,179.220001,87.02211,41.124813
2023-01-30,382.088867,87.218216,64.657616,284.161346,91.673286,178.759995,86.749657,40.784042
2023-01-31,387.70694,87.576492,64.955154,288.41983,92.406204,179.410004,87.189056,41.035122
2023-02-01,391.827332,88.194069,65.372711,294.587219,93.517052,181.669998,87.816124,41.402786
2023-02-02,397.531128,88.290428,65.416595,305.159912,93.638062,177.899994,87.780891,41.393826
2023-02-03,393.305786,87.440727,64.837608,299.736542,92.237633,173.460007,86.838539,40.927525
2023-02-06,390.902161,86.958923,64.43409,297.201019,91.55471,173.820007,86.08992,40.48811
2023-02-07,396.014648,86.810028,64.346336,303.358673,90.819939,173.979996,85.878548,40.864754
2023-02-08,391.684265,86.932671,64.460403,297.964661,91.252159,174.410004,86.195618,40.622623
2023-02-09,388.288727,86.591034,64.197205,295.331177,90.387718,173.029999,85.808113,40.658493
2023-02-10,389.194824,86.214325,63.92527,293.392944,89.376289,173.360001,85.394157,40.54192
2023-02-13,393.76358,86.47715,64.100731,298.091888,90.128357,172.479996,85.596733,40.891647
2023-02-14,393.582397,86.170547,63.881413,300.294586,89.920883,172.610001,85.209236,40.927525
2023-02-15,394.860504,86.004105,63.741043,302.595154,89.082413,170.889999,84.953812,40.721272
2023-02-16,389.423798,85.644936,63.495392,296.917175,87.820251,170.75,84.671982,40.532959
2023-02-17,388.450897,85.84642,63.635773,294.822205,88.503166,171.259995,84.90979,40.595722
2023-02-21,380.658203,85.040512,63.083099,287.842285,86.782936,170.619995,83.985008,40.084576
2023-02-22,380.133636,85.268311,63.223469,288.057556,87.578224,169.660004,84.13475,39.851418
2023-02-23,382.155731,85.574898,63.451534,290.573517,88.434052,169.570007,84.460609,40.084576
2023-02-24,378.073334,85.084328,63.100643,285.708099,87.284294,168.350006,83.949806,39.456856
2023-02-27,379.361023,85.250771,63.205902,287.754181,87.526352,169.009995,84.205193,39.896267
2023-02-28,377.958954,85.241997,63.223469,287.382141,87.923996,169.779999,84.337288,39.609291
2023-03-01,376.509064,84.753784,62.84893,285.071808,86.979401,170.759995,83.663063,39.86039
2023-03-02,379.437286,84.578163,62.717007,287.431061,86.208176,170.660004,83.318871,39.923164
2023-03-03,385.522644,85.245506,63.2006,293.373352,88.296646,172.490005,83.989571,40.506042
2023-03-06,385.789734,85.034798,63.051128,293.706207,87.612007,171.619995,83.839554,40.407406
2023-03-07,379.876038,84.920647,62.980789,290.103638,88.149315,168.619995,83.848389,39.672073
2023-03-08,380.496063,84.832779,62.928055,291.552551,88.235977,168.539993,83.821907,39.87833
2023-03-09,373.475983,85.140152,63.139053,286.501129,88.452637,170.199997,84.342636,39.483757
2023-03-10,368.086884,86.132393,63.89521,282.477539,91.503006,173.869995,85.895859,39.098156
2023-03-13,367.562286,86.817329,64.405159,284.57251,91.710983,177.860001,86.937225,38.87397
2023-03-14,373.638092,86.308006,64.000694,291.111877,90.203117,176.830002,86.116463,39.331314
2023-03-15,371.301239,87.168541,64.660164,292.639038,91.944946,178.210007,87.360809,38.15657
2023-03-16,377.815796,86.826103,64.352432,300.353271,91.225685,178.570007,86.575371,38.748421
2023-03-17,373.398193,87.370522,64.818459,298.933807,92.594887,183.770004,87.599113,38.300049
2023-03-20,376.988556,87.019272,64.537079,299.99469,91.780312,183.839996,87.246086,38.885128
2023-03-21,381.938568,86.755829,64.361214,304.279327,90.991707,180.369995,86.487137,39.389194
2023-03-22,375.427917,87.590042,64.932732,300.141724,92.204964,183.440002,87.625595,39.236179
2023-03-23,376.442841,87.800774,65.082214,303.700775,92.204964,185.740005,88.128654,39.263184
2023-03-24,378.913055,87.950058,65.214088,304.818573,92.594887,183.649994,88.155098,39.128166
2023-03-27,379.621613,87.001732,64.537079,302.730133,90.419754,181.949997,87.069633,39.470207
2023-03-28,378.76947,86.869995,64.422775,301.122253,90.58445,183.440002,87.01664,39.524212
2023-03-29,384.274811,86.975388,64.493088,306.612823,90.402435,182.529999,86.866623,39.97427
2023-03-30,386.524902,87.07196,64.581024,309.515076,90.818413,184.179993,86.999016,40.469341
2023-03-31,391.972748,87.493446,64.915123,314.662567,92.178978,183.220001,87.475548,40.65836
2023-04-03,393.46637,87.873741,65.191048,313.897766,92.61248,184.539993,87.887627,40.991405
2023-04-04,391.283417,88.199432,65.455467,312.838806,93.072914,187.979996,88.453545,40.982399
2023-04-05,390.258942,88.498764,65.631744,309.750366,94.045975,187.830002,88.824944,40.66737
2023-04-06,391.781189,88.419579,65.614143,311.838715,94.289215,186.490005,88.851501,40.802387
2023-04-10,392.18338,87.812119,65.173431,311.662262,92.768845,185.110001,87.976028,40.83839
2023-04-11,392.288635,87.864944,65.199837,309.662079,92.959991,186.279999,87.940681,41.018421
2023-04-12,390.689728,87.970573,65.27037,306.926575,92.864418,187.190002,88.197113,41.252441
2023-04-13,395.879242,87.935356,65.2351,312.93692,92.134636,189.720001,87.905296,41.855522
2023-04-14,394.912079,87.50399,64.944244,312.348602,91.291901,186.360001,87.472031,41.648487
2023-04-17,396.329193,87.063843,64.591644,312.613342,90.205933,185.529999,86.914932,41.612488
2023-04-18,396.587677,87.187096,64.688622,312.632935,90.527382,186.25,87.056389,41.774521
2023-04-19,396.520691,87.055046,64.600479,312.48584,90.440506,185.360001,86.87072,41.612488
2023-04-20,394.356873,87.451187,64.882538,310.103333,91.213737,186.089996,87.374718,41.630493
2023-04-21,394.663208,87.301521,64.767937,310.42688,90.701149,184.25,87.162537,41.765511
2023-04-24,395.074951,87.644859,65.023544,309.779785,91.578606,184.809998,87.58696,41.846519
2023-04-25,388.803589,88.190674,65.446648,303.936157,92.925247,185.75,88.453545,41.189423
2023-04-26,387.156769,87.864944,65.217453,305.779358,91.934822,184.740005,88.108696,41.198433
2023-04-27,394.864349,87.548012,64.935432,314.093842,91.022606,184.75,87.53392,41.720512
2023-04-28,398.234558,87.996994,65.296814,316.260681,92.490837,184.800003,88.188301,41.729504
2023-05-01,397.832397,87.095947,64.625282,315.897919,89.823921,183.970001,87.150307,41.693497
2023-05-02,393.361023,87.943153,65.261467,313.142792,92.062317,187.520004,88.284866,41.252441
2023-05-03,390.661041,88.331444,65.535385,311.093567,92.576187,189.110001,88.861061,41.333454
2023-05-04,387.894012,88.225548,65.447014,309.995483,91.661667,190.440002,88.843323,41.270447
2023-05-05,395.074951,87.943153,65.208466,316.584198,91.356827,187.460007,88.36467,41.936523
2023-05-08,395.180267,87.457771,64.899193,317.368652,90.076523,187.690002,87.823967,41.954533
2023-05-09,393.447205,87.378349,64.828506,315.358704,89.754257,189.020004,87.717598,41.792511
2023-05-10,395.285522,87.943153,65.226151,318.790314,90.625221,188.75,88.373512,41.729504
2023-05-11,394.596222,88.207909,65.438171,319.829681,91.58329,187.130005,88.701515,41.540478
2023-05-12,394.079163,87.713699,65.093582,318.682465,90.816788,186.809998,88.169662,41.450466
2023-05-15,395.438782,87.493065,64.92569,320.408051,89.876175,187.210007,87.974655,41.81052
2023-05-16,392.796173,87.290077,64.766655,320.770813,89.606148,184.869995,87.69101,41.378452
2023-05-17,397.564331,87.157722,64.651802,324.653503,89.344879,184.229996,87.407356,41.594479
2023-05-18,401.394135,86.75177,64.386703,330.683411,88.682938,181.839996,86.866661,41.513474
2023-05-19,400.810028,86.557587,64.209984,329.938263,88.055824,183.639999,86.538696,41.765511
2023-05-22,400.9729,86.478172,64.192314,331.046173,87.742271,183.210007,86.379158,41.801514
2023-05-23,396.472839,86.575249,64.236504,326.849731,87.994873,183.429993,86.520981,41.216442
2023-05-24,393.600433,86.354645,64.059814,325.173187,87.559387,181.949997,86.299377,40.631359
2023-05-25,397.008972,86.036934,63.82122,333.085632,87.341606,180.199997,85.758667,40.54134
2023-05-26,402.150574,86.107521,63.90073,341.596008,88.047119,180.919998,85.918221,40.919392
2023-05-30,402.303711,86.681183,64.324844,343.145233,88.926781,182.039993,86.591881,40.568356
2023-05-31,400.072845,86.990021,64.536926,341.194092,89.70195,182.320007,86.919876,40.172298
2023-06-01,403.873901,87.253708,64.711456,345.13559,90.053894,183.759995,87.16153,40.793385
2023-06-02,409.714386,86.793594,64.348251,347.723969,89.067078,181.050003,86.468483,41.396461
2023-06-05,408.929321,86.784752,64.357094,347.969116,88.901176,182.139999,86.441833,41.135426
2023-06-06,409.819733,86.8909,64.445694,347.910309,89.425156,182.339996,86.495155,41.495476
2023-06-07,408.402679,86.430801,64.082481,342.007874,88.09771,180.149994,85.864304,41.099411
2023-06-08,410.872925,86.8909,64.40139,346.253265,89.128227,182.529999,86.441833,41.522472
2023-06-09,411.610199,86.687416,64.268524,347.576874,89.005959,182.039993,86.130852,41.504478
2023-06-12,415.344299,86.837837,64.40139,353.44989,89.267952,181.880005,86.27301,41.693497
2023-06-13,418.082611,86.430801,64.117905,356.165863,88.385933,180.539993,85.659966,42.098557
2023-06-14,418.580536,86.510452,64.171059,358.754303,89.093277,180.639999,85.775452,42.206566
2023-06-15,423.769836,87.112137,64.569702,363.029205,89.949097,181.910004,86.441833,42.602623
2023-06-16,422.326447,86.837837,64.42794,360.744629,89.599785,181.630005,86.068687,42.476597
2023-06-20,420.135376,86.997101,64.516556,360.22821,90.219833,179.75,86.326332,41.906109
2023-06-21,417.982697,87.138687,64.622849,355.319092,90.438171,179.490005,86.406288,41.9697
2023-06-22,419.491455,86.687416,64.312798,359.511505,89.346527,177.710007,85.91761,41.715336
2023-06-23,416.320129,86.944016,64.498825,355.94754,90.237289,178.199997,86.27301,41.043098
2023-06-26,414.619171,87.050194,64.578568,351.175873,90.333366,178.509995,86.486244,41.170273
2023-06-27,419.164734,86.88208,64.454567,357.213989,90.097557,177.690002,86.184166,41.506393
2023-06-28,419.37616,87.138687,64.658302,357.911102,90.481827,177.279999,86.530693,41.515484
2023-06-29,421.029053,86.466217,64.171059,357.194427,88.84877,177.089996,85.642189,41.460979
2023-06-30,425.997528,86.669746,64.392548,362.702393,89.896721,178.270004,85.828796,41.95153
2023-07-03,426.48761,86.567734,64.209595,363.556549,89.387077,178.470001,85.456497,42.0242
2023-07-05,425.853333,86.177361,63.94315,363.546783,88.537682,177.839996,85.046806,41.569981
2023-07-06,422.518677,85.618439,63.534649,360.777954,87.2855,177.309998,84.352112,40.834156
2023-07-07,421.451904,85.636192,63.499115,359.58017,86.760101,178.639999,84.245209,41.179363
2023-07-10,422.518677,85.875732,63.721115,359.697998,86.87394,178.779999,84.681633,41.288376
2023-07-11,425.209412,86.062027,63.854355,361.475159,87.320549,179.449997,84.859764,41.688072
2023-07-12,428.630615,86.762878,64.360527,366.040558,88.292503,181.880005,85.688049,42.487507
2023-07-13,432.032684,87.304031,64.75135,372.255493,89.220726,182.009995,86.400574,43.141579
2023-07-14,431.76358,86.887077,64.449356,372.17691,88.695312,181.429993,85.973045,42.878128
2023-07-17,433.262695,86.984673,64.520409,375.652557,88.739075,181.559998,86.115547,42.859966
2023-07-18,436.482147,87.055626,64.600342,378.725616,89.141914,183.639999,86.213524,43.168835
2023-07-19,437.452759,87.321777,64.75135,378.637268,90.148911,183.669998,86.507416,43.159744
2023-07-20,434.550476,86.869331,64.449356,369.908905,89.054314,182.740005,85.82164,42.905384
2023-07-21,434.550476,86.931412,64.493813,368.799438,89.080589,182.179993,85.892883,42.959888
2023-07-24,436.491791,86.771729,64.387207,369.38855,88.756622,181.399994,85.688049,42.914471
2023-07-25,437.68338,86.674149,64.316154,371.892181,88.59024,182.410004,85.527725,43.041653
2023-07-26,437.750641,86.958054,64.529297,370.655151,88.677795,183.300003,85.82164,43.096161
2023-07-27,434.848389,86.212822,63.978687,369.771454,86.952759,180.419998,84.886467,42.914471
2023-07-28,439.105743,86.549957,64.200714,376.506744,87.399338,181.860001,85.162613,43.268764
2023-07-31,439.941803,86.656403,64.316154,376.703064,87.609505,182.350006,85.269455,43.268764
2023-08-01,438.682831,86.082642,63.918114,375.829285,86.173859,180.460007,84.771225,42.787289
2023-08-02,432.580414,85.878052,63.713287,367.582062,85.251915,179.600006,84.601593,41.960613
2023-08-03,431.340698,85.29982,63.321495,366.992889,83.285004,179.539993,83.976555,41.833427
2023-08-04,429.389862,86.002571,63.846863,365.274811,84.760155,180.190002,84.869431,41.95153
2023-08-07,433.137848,86.020386,63.748909,368.367462,83.926003,179.779999,84.664055,42.287651
2023-08-08,431.254211,86.224976,63.980461,365.235474,84.900658,178.639999,85.092682,41.9697
2023-08-09,428.371216,86.287239,63.998272,361.219879,85.339676,177.789993,85.146233,42.006035
2023-08-10,428.524902,85.726814,63.642071,361.887451,83.934769,177.600006,84.494431,42.133221
2023-08-11,428.275116,85.459976,63.43726,359.58017,83.741623,177.600006,84.047966,41.897018
2023-08-14,430.639191,85.397682,63.357147,363.615479,83.557205,177.059998,83.91404,41.724422
2023-08-15,425.622711,85.166412,63.214634,359.756927,83.04789,176.589996,83.753326,41.143024
2023-08-16,422.49942,84.9618,63.036533,355.94754,82.39814,175.570007,83.431892,40.815983
2023-08-17,419.280029,84.872841,62.974205,352.059509,82.046913,175.300003,83.32473,40.543453
2023-08-18,419.481842,85.059662,63.107777,351.617706,82.336685,175.330002,83.574745,40.543453
2023-08-21,422.211121,84.632675,62.805035,357.282745,81.23909,175.809998,83.056862,40.670639
2023-08-22,421.067505,84.721619,62.885178,356.772217,81.862518,176.100006,83.092575,40.579788
2023-08-23,425.757172,85.531128,63.455044,362.39798,83.890869,177.889999,83.9944,41.015835
2023-08-24,419.856598,85.335419,63.303684,354.651489,83.337662,177.850006,83.681885,40.498035
2023-08-25,422.816559,85.282051,63.303684,357.400574,83.609871,177.619995,83.655083,40.752403
2023-08-28,425.497803,85.46888,63.419464,360.090759,83.697716,178.130005,83.887245,41.179363
2023-08-29,431.648224,86.020386,63.811249,367.955078,84.567001,179.869995,84.485504,41.706245
2023-08-30,433.426147,85.984795,63.784534,370.007111,84.479156,180.320007,84.476562,41.697166
2023-08-31,432.791901,86.109344,63.891392,371.116608,84.856728,180.020004,84.64621,41.560898
2023-09-01,433.599091,85.663361,63.584232,370.723785,83.534805,180.110001,84.128799,41.624485
2023-09-05,431.725189,85.199539,63.235996,371.195068,82.36348,178.639999,83.618546,41.252037
2023-09-06,428.822784,85.119278,63.164555,367.925659,82.566071,177.830002,83.403709,41.088524
2023-09-07,427.506287,85.386879,63.37888,365.294373,82.795021,178.020004,83.690178,40.924988
2023-09-08,428.150116,85.431442,63.396713,365.804932,83.112091,178.080002,83.708069,40.870491
2023-09-11,430.965973,85.333328,63.298515,370.115082,82.513184,178.410004,83.564842,41.333782
2023-09-12,428.601807,85.360092,63.343128,366.011078,82.98877,177.490005,83.681206,41.152103
2023-09-13,429.101562,85.484962,63.441364,367.405304,82.971153,177.080002,83.779671,41.070343
2023-09-14,432.801514,85.369019,63.334229,370.409698,82.372284,177.169998,83.591713,41.624485
2023-09-15,427.586975,85.172783,63.209194,364.067139,81.87027,178.339996,83.332077,41.533649
2023-09-18,427.837677,85.297646,63.271698,364.446625,82.337051,179.389999,83.412643,41.378159
2023-09-19,426.950378,85.04792,63.137764,363.669861,81.729332,179.220001,83.108315,41.387306
2023-09-20,423.02533,85.003326,63.057423,358.429199,81.984772,179.350006,83.045631,41.250107
2023-09-21,416.033356,84.423538,62.664539,351.861237,79.879875,178.050003,82.427956,40.564129
2023-09-22,415.0979,84.780319,62.923496,351.91037,80.522804,178.619995,82.750237,40.609859
2023-09-25,416.843506,84.111382,62.459148,353.581909,78.541214,177.699997,82.14151,40.45438
2023-09-26,410.719574,84.004333,62.396648,348.2724,78.268196,176.279999,82.114632,39.878151
2023-09-27,410.883453,83.709961,62.173447,349.08844,77.863091,174.100006,81.747643,39.786694
2023-09-28,413.265533,83.959724,62.334133,352.008698,78.100891,173.229996,81.97142,40.115959
2023-09-29,412.262604,83.87944,62.307388,352.264343,78.109673,171.449997,81.989319,39.987911
2023-10-02,412.098663,83.295418,61.879372,355.204163,76.802116,169.649994,81.324272,39.365959
2023-10-03,406.582275,82.642494,61.377972,348.970581,75.149948,169.160004,80.651123,38.872059
2023-10-04,409.542969,83.223877,61.780888,353.719513,76.210152,169.139999,81.162704,38.89035
2023-10-05,409.388641,83.277542,61.825672,352.677246,75.830254,168.830002,81.315292,39.247055
2023-10-06,414.249268,82.955521,61.58392,358.586517,74.911423,169.699997,80.839607,39.658646
2023-10-09,416.901337,83.814148,62.210674,360.415344,76.669579,172.820007,81.871742,39.631207
2023-10-10,419.071289,83.733658,62.148022,362.411316,76.563568,172.529999,81.71019,40.134251
2023-10-11,420.787903,84.118256,62.434528,364.997223,78.162682,173.789993,82.158943,40.308033
2023-10-12,418.222565,83.393791,61.897301,363.728882,76.042313,173.259995,81.369133,39.960472
2023-10-13,416.139435,83.751556,62.183811,359.15686,77.402878,178.830002,81.889694,39.603764
2023-10-16,420.517853,83.286484,61.861469,363.21759,76.157135,177.960007,81.405037,39.914738
2023-10-17,420.498566,82.687218,61.458565,362.027893,75.317841,178.289993,80.606224,39.923885
2023-10-18,414.895386,82.30262,61.189938,357.278839,74.655212,180.869995,80.229279,39.247055
2023-10-19,411.249908,81.989586,60.921341,353.935822,73.12677,183.089996,79.834389,38.926937
2023-10-20,406.196564,82.284729,61.145187,348.655853,73.542023,183.589996,80.301086,38.561073
2023-10-23,405.492493,82.606705,61.377972,349.707886,74.425484,182.970001,80.678047,38.579369
2023-10-24,408.549622,82.901848,61.58392,353.109894,75.406189,182.949997,80.821655,38.771442
2023-10-25,402.686096,82.284729,61.118317,344.467285,73.727531,183.720001,80.11261,38.433037
2023-10-26,397.864044,82.839272,61.530197,337.8992,74.858398,184.009995,80.722916,38.14949
2023-10-27,396.060638,82.812424,61.530197,339.521515,74.540367,186.149994,80.848564,38.030586
2023-10-30,400.795807,82.615662,61.377972,343.346405,74.204643,185.100006,80.579338,38.551933
2023-10-31,403.312988,82.561996,61.360054,344.988373,73.8424,184.089996,80.408798,38.634251
2023-11-01,407.614197,83.47435,61.955463,350.976288,75.443466,183.509995,81.334923,39.027542
2023-11-02,415.425812,83.976715,62.31469,357.347656,77.16333,184.119995,81.838928,39.905594
2023-11-03,419.215912,84.488052,62.682861,361.546143,77.686386,184.789993,82.468956,40.417793
2023-11-06,420.180298,84.066414,62.413464,363.020874,76.932831,183.350006,81.991943,40.289738
2023-11-07,421.376129,84.514961,62.727783,366.452454,78.067596,182.589996,82.459961,39.987911
2023-11-08,421.684814,84.802017,62.925346,366.688354,79.397377,180.770004,82.792938,39.89645
2023-11-09,418.396179,84.0933,62.458397,363.866547,77.571121,181.490005,81.973907,39.878151
2023-11-10,424.925171,84.29071,62.575123,372.047058,78.005531,179.509995,82.063919,40.08852
2023-11-13,424.520142,84.2817,62.557156,370.886932,77.828224,180.509995,82.018913,40.143398
2023-11-14,432.756134,85.340324,63.320496,378.870758,79.592392,182.119995,83.251968,41.231815
2023-11-15,433.672333,84.810989,62.970257,379.155853,78.47541,181.639999,82.60392,41.195225
2023-11-16,434.202759,85.277496,63.347404,379.480377,79.450584,183.690002,83.22496,41.103767
2023-11-17,434.742767,85.447945,63.437229,379.568787,79.822914,183.669998,83.278954,41.615967
2023-11-20,438.089264,85.58252,63.527012,384.190033,80.310486,183.369995,83.395966,41.798893
2023-11-21,437.134521,85.672188,63.616848,381.958099,80.275024,185.350006,83.503952,41.634262
2023-11-22,438.822205,85.75293,63.670715,383.521423,80.558723,184.559998,83.476967,41.716576
2023-11-24,439.092255,85.358215,63.36536,382.980621,79.610138,185.520004,83.04496,41.990963
2023-11-27,438.301392,85.842667,63.751534,382.646362,80.939926,186.770004,83.674957,41.88121
2023-11-28,438.735443,86.219444,64.02095,383.649261,81.099487,189.259995,84.043991,41.95438
2023-11-29,438.426788,86.641052,64.353226,383.275696,82.119003,189.539993,84.484985,42.054989
2023-11-30,440.153076,86.354004,64.146667,382.312134,81.17041,188.75,84.070976,42.036697
2023-12-01,442.757019,87.113304,64.669891,383.403442,82.699211,192.009995,84.864197,42.466579
2023-12-04,440.43277,86.780441,64.408737,379.844116,82.370132,187.860001,84.512276,42.091583
2023-12-05,440.346039,87.356209,64.822998,380.797882,84.139931,187.149994,85.107849,41.95438
2023-12-06,438.571533,87.581139,65.012131,378.595428,85.260483,187.839996,85.459808,42.036697
2023-12-07,441.917999,87.608116,64.99411,383.885223,84.771347,188.149994,85.333466,42.237919
2023-12-08,443.81781,87.167305,64.678886,385.5961,84.077682,185.639999,84.782982,42.338531
2023-12-11,445.544067,87.1763,64.687912,388.889893,83.899796,183.589996,84.79203,42.457432
2023-12-12,447.57901,87.437187,64.877022,391.987061,84.148819,183.490005,84.972488,42.466579
2023-12-13,453.751129,88.53476,65.705551,396.972107,86.123131,187.630005,86.235886,43.152561
2023-12-14,455.207397,89.249344,66.200874,396.627991,88.363434,188.729996,86.952705,43.527557
2023-12-15,454.457916,89.041824,66.101799,398.545288,88.461586,187.0,86.880318,43.079384
2023-12-18,457.014313,88.861366,65.966728,401.055542,87.756752,187.850006,86.690269,43.227646
2023-12-19,459.793335,88.969627,66.092804,403.104767,88.229607,189.130005,86.853165,43.644634
2023-12-20,453.421814,89.294449,66.308952,397.114777,88.827393,188.100006,87.27858,43.19059
2023-12-21,457.72113,89.285408,66.299927,401.735443,88.265312,189.429993,87.142776,43.922626
2023-12-22,458.640991,89.168106,66.255646,402.336395,87.863831,190.270004,87.06134,44.024559
2023-12-26,460.577637,89.348587,66.318909,404.799377,88.113647,191.720001,87.115646,44.219147
2023-12-27,461.410431,89.916977,66.74337,405.623413,89.674973,192.589996,87.794479,44.469341
2023-12-28,461.584717,89.718491,66.580818,405.4263,89.023682,191.470001,87.459587,44.395206
2023-12-29,460.248413,89.547073,66.427292,403.671661,88.220688,191.169998,87.242371,44.385952
2024-01-02,457.672699,89.123009,66.147301,396.840698,87.712135,190.720001,86.916527,43.894821
2024-01-03,453.935028,89.168106,66.201508,392.641449,88.07795,189.130005,87.124687,43.542702
2024-01-04,452.47287,88.807213,65.90345,390.620789,86.739639,189.320007,86.599724,43.644634
2024-01-05,453.09259,88.599716,65.704758,391.084076,85.909904,189.350006,86.282959,43.672436
2024-01-08,459.560913,88.93354,65.993767,399.166962,86.757469,187.869995,86.572578,44.126484
2024-01-09,458.863739,88.91552,65.984726,399.955536,86.204338,187.929993,86.536407,43.728027
2024-01-10,461.458801,88.74408,65.867325,402.666199,85.802841,187.5,86.40062,43.96896
2024-01-11,461.255432,89.249344,66.210526,403.50412,86.284622,187.869995,86.862236,43.922626
2024-01-12,461.575012,89.411743,66.345978,403.711151,86.115112,189.710007,87.097572,44.080154
2024-01-16,459.880432,88.74408,65.87635,403.671661,84.598358,187.910004,86.391548,43.292511
2024-01-17,457.324188,88.500481,65.722824,401.394684,84.464531,185.839996,86.110992,42.81992
2024-01-18,461.391022,88.419266,65.632484,407.092133,83.67939,187.369995,85.920921,43.209114
2024-01-19,467.142792,88.437309,65.632484,415.165131,83.947067,187.929993,85.93,43.34811
2024-01-22,468.130463,88.599716,65.740868,415.707397,84.446701,187.220001,86.192467,43.459305
2024-01-23,469.495789,88.383186,65.587357,417.432343,83.77755,187.949997,85.97522,43.385174
2024-01-24,470.009033,88.184692,65.451859,419.74881,83.286835,186.399994,85.73082,43.653896
2024-01-25,472.565399,88.581673,65.758942,420.261322,83.831078,187.139999,86.101952,43.765099
2024-01-26,471.965027,88.48243,65.659599,417.757629,83.670471,187.009995,85.948067,43.950424
2024-01-29,475.702698,88.834297,65.921524,422.035706,84.634048,188.330002,86.463974,44.209877
2024-01-30,475.334717,89.005722,66.038918,419.226349,85.401337,188.589996,86.58165,44.154285
2024-01-31,467.578522,89.411743,66.318909,411.015289,86.240021,188.449997,87.305695,43.904095
2024-02-01,473.698334,89.921204,66.719254,415.855164,87.931694,190.410004,87.846474,44.367409
2024-02-02,478.68515,89.097748,66.121452,422.883392,85.989395,188.610001,86.703239,44.052353
2024-02-05,476.942169,88.364777,65.5961,422.33139,84.252983,187.570007,85.859428,43.765099
2024-02-06,478.326874,88.826263,65.904076,421.483612,85.076439,188.550003,86.322182,44.033817
2024-02-07,482.316284,88.645279,65.777267,425.82077,84.664673,188.5,86.167923,44.061619
2024-02-08,482.529327,88.37381,65.605156,426.609406,84.172386,188.330002,85.886681,43.987495
2024-02-09,485.317993,88.346649,65.550804,430.808533,84.002357,187.600006,85.732445,44.145023
2024-02-12,485.10498,88.364777,65.568916,429.122986,84.1008,187.110001,85.814072,44.256207
2024-02-13,478.423615,87.550323,64.998291,422.429962,82.659752,184.529999,84.870506,43.468575
2024-02-14,482.771332,87.939445,65.242828,427.033234,83.080406,184.419998,85.188042,44.006016
2024-02-15,486.102448,88.14756,65.424004,428.30484,83.510056,185.660004,85.42395,44.497139
2024-02-16,483.68161,87.867043,65.215683,424.421082,83.026718,186.339996,85.051956,44.534206
2024-02-20,481.018707,87.948494,65.297173,421.21756,83.09832,187.470001,85.197105,44.69173
2024-02-21,481.454468,87.686066,65.116043,419.531921,82.507599,187.479996,84.924904,44.719528
2024-02-22,491.418396,87.758476,65.143219,431.813995,82.910355,187.559998,84.93399,45.19212
2024-02-23,491.757294,88.084229,65.378708,430.54245,84.020226,188.619995,85.324127,45.266254
2024-02-26,489.956268,87.894203,65.260963,430.315643,83.76963,188.199997,85.197105,45.164326
2024-02-27,490.866425,87.776543,65.161316,431.350739,83.178848,188.0,85.006577,45.247715
2024-02-28,490.217712,87.948494,65.306259,429.053955,83.706963,188.339996,85.315048,45.006794
2024-02-29,491.980011,88.093277,65.414948,432.730713,84.297737,189.309998,85.487442,45.108723
2024-03-01,496.598846,88.516197,65.68924,439.246307,84.822983,192.889999,85.877731,45.590572
2024-03-04,496.066315,88.298416,65.534843,437.679077,84.481781,196.009995,85.686707,45.470112
2024-03-05,491.108551,88.779396,65.889076,429.822784,85.684944,197.190002,86.214317,45.358913
2024-03-06,493.597137,88.915543,66.007133,432.523743,86.187759,198.809998,86.423561,45.905632
2024-03-07,498.496735,89.106148,66.11615,439.088562,86.106964,199.940002,86.569107,46.433819
2024-03-08,495.5047,89.187828,66.179733,432.750366,85.9543,201.630005,86.632782,46.304085
2024-03-11,495.078613,89.087982,66.152496,431.143707,85.909409,202.0,86.523628,46.072433
2024-03-12,500.404358,88.861084,65.952652,437.324158,85.191093,199.789993,86.168823,46.424545
2024-03-13,499.619965,88.697731,65.843666,433.96286,84.778091,201.190002,85.977776,46.433819
2024-03-14,498.632324,88.135033,65.453087,432.868713,83.476166,200.350006,85.340988,46.128017
2024-03-15,495.208435,88.125954,65.416756,427.723206,83.449203,199.710007,85.19545,46.087944
2024-03-18,498.15155,88.035187,65.335007,431.802643,83.197807,200.029999,85.09539,46.097267
2024-03-19,500.91983,88.252998,65.507591,432.878479,83.431267,199.800003,85.340988,46.171825
2024-03-20,505.552948,88.434547,65.625664,438.011017,83.404312,202.179993,85.541115,46.675114
2024-03-21,507.223694,88.49807,65.680168,440.08374,83.583893,201.970001,85.550217,46.703075
2024-03-22,506.261993,88.779396,65.89817,440.587158,84.383041,200.350006,85.968674,46.544632
2024-03-25,504.863403,88.616035,65.771027,438.98822,83.961029,200.990005,85.741264,46.479385
2024-03-26,503.930878,88.70681,65.825493,437.566803,84.194443,201.639999,85.868614,46.544632
2024-03-27,508.165802,88.997238,66.052582,439.05722,85.02951,203.100006,86.196144,46.852196
2024-03-28,508.068634,88.888321,65.97084,438.247864,84.957672,205.720001,86.114258,46.758995
2024-04-01,507.184753,88.24202,65.520798,439.17569,83.373947,207.820007,85.335083,46.572601
2024-04-02,503.960114,88.178299,65.447891,435.385529,82.914536,210.889999,85.152596,46.283672
2024-04-03,504.513702,88.232918,65.493469,436.36264,82.8965,212.740005,85.252975,46.535305
2024-04-04,498.355499,88.442268,65.630104,429.690399,83.491074,211.520004,85.544922,46.162502
2024-04-05,503.561707,88.005363,65.302109,434.753815,82.328964,215.139999,84.979233,46.330265
2024-04-08,503.843414,87.923424,65.247482,434.882111,82.319962,216.479996,84.787628,46.553955
2024-04-09,504.42627,88.223824,65.484352,436.490997,83.085693,217.669998,85.125244,46.563271
2024-04-10,499.375366,87.1679,64.719078,432.681061,81.274986,215.610001,83.993889,45.864265
2024-04-11,503.144165,87.186089,64.719078,439.59021,80.905624,219.800003,83.875267,46.032028
2024-04-12,496.199188,87.34996,64.864838,432.582397,81.338051,216.889999,84.221985,45.230488
2024-04-15,489.982758,86.821983,64.436684,425.465942,80.076813,220.949997,83.683655,45.072056
2024-04-16,489.089111,86.576218,64.272697,425.505402,79.545341,221.220001,83.355209,44.596729
2024-04-17,486.194519,86.97673,64.582436,420.31369,80.428162,219.589996,83.884377,44.624687
2024-04-18,485.194122,86.730957,64.409332,417.915253,80.022774,220.339996,83.592438,44.578087
2024-04-19,480.959167,86.821983,64.491318,409.268829,80.31105,221.029999,83.701904,44.606052
2024-04-22,485.388428,86.876602,64.518654,413.384827,80.175926,215.570007,83.711037,45.090694
2024-04-23,491.148315,87.058662,64.637093,419.55368,80.20295,215.039993,83.820526,45.547382
2024-04-24,490.915192,86.831108,64.473114,420.974976,79.635422,214.639999,83.565048,45.416901
2024-04-25,489.050262,86.585335,64.290886,418.941772,79.076866,215.919998,83.24572,45.221172
2024-04-26,493.683472,86.776489,64.436684,425.406738,79.491295,216.619995,83.473824,45.556702
2024-04-29,495.431854,87.040474,64.627983,427.134003,80.157898,216.179993,83.811394,45.808342
2024-04-30,487.583588,86.685455,64.382004,419.079865,79.473267,211.869995,83.419067,45.16526
2024-05-01,486.000305,86.991325,64.614113,416.049713,80.059067,213.789993,83.749413,45.109341
2024-05-02,490.546112,87.38398,64.869965,421.359985,80.40258,213.130005,84.142914,45.771061
2024-05-03,496.626556,87.831398,65.198929,429.828674,81.216194,212.960007,84.609604,46.190468
2024-05-06,501.755096,87.895317,65.262886,434.536682,81.532578,215.199997,84.682838,46.553955
2024-05-07,502.308807,88.077927,65.390831,434.605804,82.029808,214.210007,84.902428,46.619194
2024-05-08,502.3573,87.895317,65.235497,434.349152,81.532578,213.580002,84.66452,46.572601
2024-05-09,505.251831,88.059639,65.409103,435.296661,81.930359,216.949997,84.920746,46.917439
2024-05-10,505.90274,87.877037,65.226349,436.323212,81.469322,218.710007,84.646225,46.936077
2024-05-13,505.970612,87.922714,65.281174,437.329956,81.677254,216.259995,84.746872,46.926758
2024-05-14,508.292084,88.160103,65.473099,440.142944,82.13829,218.089996,84.993935,47.252956
2024-05-15,514.586304,88.744514,65.89341,447.022522,83.259247,220.889999,85.634506,47.728283
2024-05-16,513.527466,88.644058,65.78376,446.114502,83.177902,220.029999,85.469795,47.457996
2024-05-17,514.265625,88.360985,65.61927,445.897339,82.617416,223.660004,85.204407,47.625763
2024-05-20,514.858215,88.278839,65.555305,449.006409,82.373322,224.559998,85.076317,47.644402
2024-05-21,516.121094,88.443169,65.69239,449.884888,82.798203,224.229996,85.295952,47.569839
2024-05-22,514.634827,88.333565,65.610123,449.796051,82.897652,220.110001,85.186127,47.122482
2024-05-23,510.875977,88.087067,65.418251,447.772705,82.364281,215.720001,84.884117,46.861515
2024-05-24,514.256165,88.1875,65.491356,452.007019,82.608368,215.919998,84.993935,47.243637
2024-05-28,514.615479,87.776604,65.180656,453.714569,81.424118,218.190002,84.518112,47.252956
2024-05-29,511.01178,87.438774,64.943069,450.516602,80.438736,216.160004,84.106308,46.442104
2024-05-30,507.621979,87.849655,65.226349,445.690063,81.216194,216.570007,84.52726,46.861515
2024-05-31,512.245422,88.132729,65.463943,444.860931,81.767632,215.300003,84.920746,47.271603
2024-06-03,512.663025,88.66581,65.829636,447.249542,83.090202,217.220001,85.476952,47.392765
2024-06-04,513.236023,88.986374,66.077118,448.47348,84.060791,215.270004,85.945038,47.252956
2024-06-05,519.335999,89.2612,66.260452,457.514557,84.67762,217.820007,86.257088,47.579166
2024-06-06,519.326416,89.288658,66.269623,457.356659,84.550613,219.429993,86.220375,47.700329
2024-06-07,518.695068,88.500954,65.738007,456.951996,82.999474,211.600006,85.311729,47.113159
2024-06-10,520.297607,88.427666,65.637161,458.797668,82.446159,213.539993,85.128166,47.178398
2024-06-11,521.550537,88.729919,65.902969,461.94632,83.298805,214.149994,85.577904,46.64716
2024-06-12,525.83429,89.151291,66.205437,467.996735,83.924728,214.720001,86.055176,47.215679
2024-06-13,526.892822,89.600105,66.498787,470.533417,85.158371,212.970001,86.624237,46.553955
2024-06-14,527.21344,89.691696,66.599594,472.971344,85.874985,215.729996,86.826157,46.134544
2024-06-17,531.409485,89.371124,66.352112,478.765167,85.022308,214.610001,86.422302,46.302311
2024-06-18,532.759705,89.691696,66.581284,478.913177,85.802414,215.470001,86.798615,46.488716
2024-06-20,531.312317,89.535973,66.452934,475.221771,85.230934,218.160004,86.578354,46.488716
2024-06-21,530.600159,89.545128,66.471268,473.948486,85.230934,214.779999,86.596672,46.179218
2024-06-24,528.875366,89.618431,66.507927,468.552765,85.575661,215.630005,86.670105,46.583729
2024-06-25,530.911926,89.609253,66.544571,473.91095,85.720779,214.559998,86.743553,46.649574
2024-06-26,531.574585,89.206245,66.232948,474.889679,84.496208,212.580002,86.220375,46.339134
2024-06-27,532.412598,89.352798,66.352112,476.115479,84.831841,214.990005,86.413124,46.452023
2024-06-28,530.317444,88.913116,66.040459,473.643982,83.253471,215.009995,85.954231,46.489643
2024-07-01,531.408813,88.436249,65.692017,476.421967,81.816605,215.570007,85.314377,46.527283
2024-07-02,534.985168,88.730293,65.885094,481.424164,82.453598,215.559998,85.636581,46.630764
2024-07-03,537.372559,89.208092,66.262039,485.437897,83.536476,217.990005,86.20739,47.185776
2024-07-05,540.471313,89.658295,66.565445,490.499481,84.228058,220.929993,86.686104,47.486797
2024-07-08,541.094971,89.685837,66.565445,491.666077,84.410072,218.190002,86.71373,47.279842
2024-07-09,541.621216,89.603157,66.537872,492.091095,84.036957,218.559998,86.594055,47.119919
2024-07-10,546.980652,89.695038,66.593048,497.221924,84.300873,219.360001,86.676895,47.778419
2024-07-11,542.264282,90.154457,66.924026,486.31778,85.119843,223.25,87.229279,47.96656
2024-07-12,545.684631,90.402519,67.098694,489.174805,85.483841,223.110001,87.413406,48.446316
2024-07-15,547.185364,90.090134,66.887245,490.489532,84.50106,223.830002,87.13723,48.079445
2024-07-16,550.430176,90.457657,67.144691,490.67746,85.693138,228.289993,87.523857,48.361649
2024-07-17,542.712585,90.521996,67.209045,476.273682,85.711319,227.229996,87.597519,48.088848
2024-07-18,538.541931,90.273903,67.034355,474.019684,85.056152,225.779999,87.348961,47.618496
2024-07-19,534.965637,90.090134,66.85968,469.818146,84.555656,221.729996,87.072769,47.336285
2024-07-22,540.48114,90.053383,66.832092,476.817413,84.309959,221.800003,86.989922,47.797234
2024-07-23,539.633301,90.044189,66.84127,475.136749,84.191658,222.580002,87.054352,47.552647
2024-07-24,527.403748,89.768524,66.648193,458.093567,83.281654,221.800003,86.861015,46.959999
2024-07-25,524.655823,90.016624,66.795303,453.041779,83.964134,218.330002,87.054352,46.668381
2024-07-26,530.531799,90.338203,67.061935,457.688202,84.619362,220.630005,87.468628,47.279842
2024-07-29,530.84375,90.485214,67.144691,458.607513,85.074333,220.320007,87.615921,47.091709
2024-07-30,528.154236,90.577087,67.227409,452.310242,85.401932,222.520004,87.800079,47.195179
2024-07-31,536.739136,91.064072,67.595192,465.69574,86.275513,226.550003,88.444511,47.891304
2024-08-01,529.138489,91.445641,67.847893,454.415924,87.01963,225.770004,88.822182,46.668381
2024-08-02,519.286804,92.468658,68.622543,443.630402,89.731293,225.339996,90.198067,45.849976
2024-08-05,504.163147,92.394928,68.557983,430.403015,90.206047,222.479996,90.290398,44.777561
2024-08-06,508.811371,91.841942,68.133774,434.515564,88.188286,220.699997,89.48703,44.852821
2024-08-07,505.410461,91.565468,67.967781,429.809875,87.567421,220.550003,89.163834,45.069187
2024-08-08,517.094238,91.427208,67.866325,442.95816,87.028755,224.009995,88.896065,45.840569
2024-08-09,519.374451,91.749794,68.106117,445.271484,87.886986,224.559998,89.256157,46.000484
2024-08-12,519.647156,91.906464,68.22599,446.230347,88.206535,228.410004,89.505516,46.019299
2024-08-13,528.193176,92.275139,68.484238,457.302551,88.818268,228.059998,89.902573,46.771866
2024-08-14,529.859436,92.441048,68.613327,457.450897,89.375221,226.199997,90.022591,46.950596
2024-08-15,538.941345,92.053925,68.327431,469.007538,88.653915,226.910004,89.459335,47.524429
2024-08-16,540.149658,92.275139,68.475006,469.610565,88.964363,231.990005,89.634766,47.806637
2024-08-19,545.314331,92.376495,68.557983,475.779388,89.375221,231.610001,89.754814,48.361649
2024-08-20,544.427612,92.652985,68.760887,474.780914,90.087372,232.460007,90.114944,48.229954
2024-08-21,546.298523,92.828094,68.908455,476.9953,90.142151,232.149994,90.299637,48.653278
2024-08-22,542.010925,92.450218,68.631783,469.432617,89.247368,229.369995,89.884094,48.314617
2024-08-23,547.770081,92.874199,68.936089,474.523834,89.831718,232.020004,90.299637,49.245911
2024-08-26,546.464233,92.79126,68.862335,469.917023,89.603462,232.759995,90.188828,49.048367
2024-08-27,547.214539,92.818901,68.862335,471.320831,89.448257,233.389999,90.151878,49.236511
2024-08-28,544.037781,92.735947,68.816223,465.972565,89.338684,231.75,90.105705,48.991928
2024-08-29,544.086548,92.616119,68.71479,465.290436,89.046516,232.949997,89.948723,49.123627
2024-08-30,549.280457,92.394928,68.576439,470.836456,88.096977,231.289993,89.634766,49.28355
2024-09-03,537.976807,92.78508,68.868759,456.541412,89.537819,230.289993,90.22567,48.427505
2024-09-04,536.87561,93.191856,69.174004,455.355042,90.691994,230.429993,90.753563,48.276993
2024-09-05,535.569824,93.432228,69.340492,455.780182,91.204918,232.350006,90.966583,48.2864
2024-09-06,526.556152,93.55246,69.423759,443.571045,91.195778,230.630005,91.096245,47.38332
2024-09-09,532.451538,93.691116,69.516266,449.275208,91.589645,231.600006,91.225914,47.891304
2024-09-10,534.770752,93.977715,69.747536,453.427277,92.230865,232.619995,91.614883,47.703163
2024-09-11,540.256897,93.949989,69.710526,463.273712,92.157547,232.25,91.550056,47.975971
2024-09-12,544.807678,93.866768,69.636528,467.821198,91.727051,236.330002,91.401871,48.408688
2024-09-13,547.653076,94.060905,69.784546,469.917023,91.974365,238.679993,91.577843,48.540386
2024-09-16,548.461853,94.282814,69.969543,467.840973,92.817093,238.660004,91.818649,48.926086
2024-09-17,548.685913,94.190353,69.877045,468.088135,92.368256,237.339996,91.651924,48.690899
2024-09-18,547.058716,93.894508,69.664284,466.061493,91.223251,235.509995,91.253685,48.521576
2024-09-19,556.39386,93.90374,69.664284,477.84552,90.920998,239.169998,91.179596,49.452869
2024-09-20,555.432068,93.820572,69.655029,476.936005,90.572906,242.210007,91.151833,49.003868
2024-09-23,556.820007,93.783569,69.608757,478.200226,90.380547,242.679993,91.096245,49.201958
2024-09-24,558.413269,93.913002,69.692024,480.506866,90.362251,246.070007,91.19812,49.503807
2024-09-25,557.181641,93.55246,69.433037,480.952362,89.611115,245.729996,90.827652,49.19252
2024-09-26,559.390686,93.570885,69.433037,484.565765,89.821793,246.979996,90.762825,50.286736
2024-09-27,558.579407,93.839066,69.636528,481.873047,90.288948,245.020004,91.124046,49.975449
2024-09-30,560.817749,93.626404,69.479248,483.17981,89.858437,243.059998,90.87397,49.815098
2024-10-01,555.793701,93.873993,69.684296,476.447937,90.507225,245.610001,91.204636,49.46608
2024-10-02,556.028381,93.679245,69.554405,477.121124,89.744492,245.660004,90.944565,49.381176
2024-10-03,555.011902,93.299042,69.248253,476.764771,88.899048,245.490005,90.480118,48.918972
2024-10-04,560.055359,92.696289,68.793663,482.437347,87.805504,245.0,89.607002,49.211391
2024-10-07,554.992188,92.380989,68.589561,477.269684,87.14386,244.169998,89.281906,48.937836
2024-10-08,560.241089,92.538635,68.691582,484.397491,87.290886,242.369995,89.356216,48.862373
2024-10-09,564.121582,92.297539,68.506035,488.208923,86.79467,241.050003,89.021812,48.881241
2024-10-10,563.134399,92.24189,68.478203,487.654541,86.454643,242.820007,89.012535,48.796341
2024-10-11,566.506592,92.269699,68.487473,488.416809,86.105446,245.470001,89.040421,49.041599
2024-10-14,571.139648,92.186264,68.441093,492.51535,86.169762,245.070007,88.882507,49.145363
2024-10-15,566.702087,92.55719,68.710152,485.931976,87.217377,245.919998,89.337631,48.44733
2024-10-16,569.165222,92.677727,68.802933,485.991364,87.584961,247.149994,89.476944,48.635986
2024-10-17,569.214111,92.223335,68.468925,486.327972,86.197334,248.630005,89.012535,48.617123
2024-10-18,571.403625,92.288269,68.506035,489.515717,86.261658,251.270004,89.114723,48.890678
2024-10-21,570.46521,91.648399,68.042145,490.456268,84.754608,251.220001,88.427345,48.334129
2024-10-22,570.162231,91.666946,68.069992,490.990753,84.837311,253.929993,88.343765,48.088875
2024-10-23,564.952393,91.43512,67.902985,483.466888,84.607574,250.869995,88.139412,47.626663
2024-10-24,566.174194,91.611313,68.014313,487.387238,85.149734,252.800003,88.334465,47.796455
2024-10-25,565.978699,91.425835,67.875153,490.357178,84.671875,253.320007,88.139412,47.645531
2024-10-28,567.728394,91.277443,67.791672,490.436371,84.442154,253.330002,87.935043,47.994549
2024-10-29,568.647156,91.379471,67.847313,495.148682,84.570793,256.089996,87.972206,47.834187
2024-10-30,566.92688,91.286728,67.782394,491.406555,84.818924,257.5,87.842171,47.59837
2024-10-31,555.813293,91.268173,67.773102,479.002106,84.956749,253.509995,87.795715,47.258781
2024-11-01,558.159119,90.90538,67.510658,482.546234,83.75901,252.470001,87.275826,47.362541
2024-11-04,556.956909,91.286781,67.780556,481.140442,85.059105,252.830002,87.741684,47.428574
2024-11-05,563.691528,91.500748,67.94809,487.278381,85.51091,253.399994,87.788269,47.92852
2024-11-06,577.707947,90.784431,67.389679,500.514404,83.168907,245.699997,86.884506,47.31538
2024-11-07,582.174988,91.472832,67.89225,508.394592,84.210831,249.649994,87.583305,48.03228
2024-11-08,584.696777,91.630997,68.02253,508.988647,85.280388,247.960007,87.769638,47.400272
2024-11-11,585.253845,91.426346,67.89225,508.691711,84.865479,242.139999,87.527382,47.381405
2024-11-12,583.435852,90.896072,67.48275,507.770874,83.593056,240.050003,86.977669,46.60791
2024-11-13,583.71936,90.877464,67.454819,507.117554,82.800079,237.630005,86.921768,46.343792
2024-11-14,579.96582,90.840263,67.436218,503.593231,83.279549,237.009995,86.91246,46.381523
2024-11-15,572.537354,90.849579,67.454819,491.594635,83.058266,236.589996,86.949699,46.249462
2024-11-18,574.883301,90.933296,67.519981,495.010101,83.205788,241.089996,87.145378,46.560749
2024-11-19,576.984802,91.063522,67.640953,498.415619,83.629929,243.25,87.331718,46.504147
2024-11-20,577.180176,90.970497,67.566513,498.12851,83.362556,244.619995,87.201271,46.372093
2024-11-21,580.278687,90.923996,67.529289,499.920349,83.297997,246.660004,87.154709,46.485283
2024-11-22,582.077209,90.98912,67.557205,500.722321,83.344116,249.839996,87.210571,46.69281
2024-11-25,584.051697,91.807732,68.18074,501.514282,85.501724,242.479996,88.151672,46.919197
2024-11-26,587.101379,91.668205,68.059731,504.207001,85.169746,242.949997,87.965309,46.636204
2024-11-27,585.322388,91.919365,68.245895,500.237213,85.759857,243.490005,88.319366,46.88147
2024-11-29,588.958374,92.282166,68.497162,504.632721,86.645042,245.589996,88.692078,47.447441
2024-12-02,590.014038,92.293373,68.537315,510.127075,86.85321,243.440002,88.684586,47.494598
2024-12-03,590.28772,92.116058,68.378609,511.691193,86.10376,243.929993,88.432243,47.692696
2024-12-04,593.953064,92.414688,68.611984,518.017273,87.029007,244.669998,88.768707,47.702126
2024-12-05,592.975647,92.43335,68.621315,516.581848,87.204803,242.860001,88.759361,47.919083
2024-12-06,594.099731,92.694656,68.808037,521.205017,87.334351,242.949997,89.039742,47.853058
2024-12-09,591.040344,92.424026,68.602661,517.145996,86.529396,245.360001,88.731323,47.739857
2024-12-10,589.202759,92.312027,68.527977,515.383911,86.122261,248.589996,88.572433,47.390846
2024-12-11,593.75769,92.097412,68.378609,524.610413,85.308052,250.960007,88.31073,47.730427
2024-12-12,590.698242,91.724113,68.107918,521.224854,84.271782,247.279999,87.974297,47.268219
2024-12-13,590.581055,91.37883,67.837181,525.214417,83.411285,244.289993,87.563065,47.145588
2024-12-16,593.102783,91.46283,67.911865,532.777893,83.66111,244.880005,87.591087,46.947498
2024-12-17,590.659119,91.46283,67.921188,530.431702,83.864662,243.940002,87.591087,46.834301
2024-12-18,573.05542,90.766281,67.389122,511.295319,82.815994,239.259995,86.914093,45.674057
2024-12-19,572.879517,90.532211,67.202408,509.018311,81.562057,239.600006,86.520241,45.560863
2024-12-20,579.760315,90.775635,67.407784,513.463257,82.026451,242.100006,86.839073,45.544582
2024-12-23,583.231995,90.494759,67.193062,518.465881,81.274086,240.960007,86.454613,45.812668
2024-12-24,589.714722,90.597748,67.289536,525.496094,81.617775,241.440002,86.501518,45.994576
2024-12-26,589.754089,90.663292,67.336372,525.13916,81.571358,243.070007,86.567116,46.176487
2024-12-27,583.545959,90.476059,67.195885,518.158447,80.902565,241.399994,86.342125,46.0616
2024-12-30,576.886719,90.831818,67.458092,511.266968,81.552757,240.630005,86.848457,45.774372
2024-12-31,574.787964,90.719467,67.345741,506.923859,81.116203,242.130005,86.689041,45.783947
2025-01-02,573.375671,90.728836,67.373833,505.932251,81.339119,245.419998,86.735916,45.688202
2025-01-03,580.544861,90.635216,67.289536,514.211975,81.079071,243.490005,86.595261,45.956272
2025-01-06,583.889099,90.541588,67.223976,520.121765,80.716805,243.190002,86.510895,46.406265
2025-01-07,577.288818,90.223297,66.989845,510.840637,79.806519,244.559998,86.117043,46.253078
2025-01-08,578.132324,90.326248,67.064774,510.929871,79.908707,245.860001,86.26709,46.195633
2025-01-10,569.305664,89.820702,66.718262,502.917908,79.379265,248.210007,85.638847,45.506283
2025-01-13,570.188416,89.736427,66.652702,501.301666,79.351395,245.740005,85.4888,45.381828
2025-01-14,570.972961,89.764526,66.699539,500.825684,79.221352,247.029999,85.516937,45.554157
2025-01-15,581.358948,90.541588,67.233353,512.3479,80.586754,248.880005,86.417107,46.119038
2025-01-16,580.240784,90.738174,67.364471,508.758331,80.846825,250.600006,86.623405,46.272232
2025-01-17,586.066406,90.738174,67.383179,517.345398,80.98616,249.270004,86.689041,46.502007
2025-01-21,591.430969,91.037773,67.579865,520.379578,81.710663,253.130005,86.979729,47.401981
2025-01-22,594.755737,90.822464,67.439369,527.033142,81.283401,254.429993,86.754669,47.296673
2025-01-23,598.001892,90.672661,67.336372,528.153503,80.651794,254.070007,86.529625,47.622196
2025-01-24,596.256165,90.822464,67.467484,525.168823,81.014023,255.649994,86.707787,47.890266
2025-01-27,587.821899,91.328018,67.823357,509.878784,81.970726,252.990005,87.270393,47.804104
2025-01-28,592.872803,91.299904,67.785896,517.414795,81.915016,255.179993,87.279778,47.756237
2025-01-29,590.214844,91.243744,67.748421,516.442993,81.74781,254.199997,87.176643,47.756237
2025-01-30,593.382629,91.374825,67.842087,518.644287,82.054352,258.049988,87.364197,48.273239
2025-01-31,590.22467,91.187569,67.748421,517.890747,81.515602,258.559998,87.223526,47.813675
2025-02-03,586.252686,91.273994,67.809502,513.745972,82.179321,259.940002,87.285606,47.220074
2025-02-04,590.185547,91.443077,67.903481,520.052307,82.431,262.5,87.501968,47.794521
2025-02-05,592.578369,91.931534,68.251099,522.412292,83.791939,264.130005,88.009933,48.254089
2025-02-06,594.638,91.837593,68.175957,525.13916,83.754654,263.429993,87.906464,48.455151
2025-02-07,589.194946,91.546394,67.969223,518.515442,83.214005,263.899994,87.614838,48.072182
2025-02-10,593.196289,91.574577,67.988029,524.792114,82.962334,268.369995,87.596024,48.378555
2025-02-11,593.647461,91.367935,67.875282,523.542786,82.431,267.390015,87.370262,48.570042
2025-02-12,591.734985,90.888878,67.527634,523.850098,81.312401,267.670013,86.768219,48.665783
2025-02-13,597.9823,91.433678,67.931664,531.386047,82.66404,270.309998,87.417313,49.297688
2025-02-14,597.952881,91.771828,68.147774,533.617126,83.102135,266.290009,87.784164,49.31683
2025-02-18,599.708374,91.405479,67.894066,534.826843,82.12339,270.700012,87.31382,49.651924
2025-02-19,601.120667,91.536995,67.988029,534.975586,82.225899,270.850006,87.454941,49.221085
2025-02-20,598.619873,91.677902,68.072601,532.704834,82.533524,270.98999,87.633675,49.412579
2025-02-21,588.380981,92.072426,68.373253,521.648804,83.530945,270.73999,88.151024,49.058327
2025-02-24,585.703613,92.232117,68.467216,515.49115,83.7733,272.209991,88.33918,49.010456
2025-02-25,582.790771,92.805122,68.899429,508.996277,85.218163,268.619995,89.035278,49.364704
2025-02-26,583.084961,92.955391,69.002769,510.22583,85.721519,269.029999,89.279839,49.441296
2025-02-27,573.77771,92.814468,68.918221,496.056213,85.115608,264.929993,89.176399,48.857265
2025-02-28,582.731934,93.227783,69.20948,503.889648,86.159637,263.269989,89.665527,48.895569
2025-03-03,572.522461,93.42942,69.368759,492.863312,86.561729,266.73999,89.991013,49.259388
2025-03-04,565.745544,93.193863,69.17086,491.375946,85.49572,269.059998,89.707977,49.125351
2025-03-05,571.826233,92.873512,68.925835,497.781555,84.813095,269.619995,89.20797,50.283833
2025-03-06,561.675476,92.779297,68.869293,484.08786,84.532555,268.25,89.160812,49.81469
2025-03-07,564.823669,92.666214,68.793884,487.647614,84.261383,268.390015,89.0476,50.341278
2025-03-10,549.779297,93.10907,69.114288,468.748199,85.140396,266.040009,89.670242,49.182789
2025-03-11,545.209045,92.779297,68.850426,467.627686,84.532555,269.160004,89.34948,49.048756
2025-03-12,548.102173,92.506058,68.709084,472.902924,84.027634,270.329987,89.08535,49.412579
2025-03-13,540.795715,92.788704,68.916397,464.395172,84.76635,275.130005,89.443832,49.039181
2025-03-14,551.966309,92.600266,68.746773,475.619781,84.317505,275.23999,89.132507,49.977455
2025-03-17,556.222717,92.722763,68.841026,478.703583,84.738297,276.730011,89.20797,50.571053
2025-03-18,550.210876,92.816971,68.916397,470.542938,84.822449,279.959991,89.311752,50.504036
2025-03-19,556.203125,93.09024,69.123718,476.839447,85.261948,281.109985,89.585342,50.733818
2025-03-20,554.594666,93.146767,69.152008,475.223206,85.318047,280.75,89.71743,50.341278
2025-03-21,554.777649,93.033691,69.095467,476.789886,84.813095,278.48999,89.641945,50.064262
2025-03-24,564.71283,92.675652,68.793884,487.252686,83.943451,277.25,89.123062,50.131588
2025-03-25,566.070312,92.760445,68.878708,490.033203,83.934113,278.470001,89.274025,50.400909
2025-03-26,559.312439,92.534325,68.727913,481.016296,83.382408,278.23999,89.066483,49.794945
2025-03-27,557.827087,92.487206,68.699661,478.275482,83.139282,281.970001,88.99099,49.852657
2025-03-28,546.593384,93.024284,69.095467,465.683502,84.289452,284.059998,89.707977,49.285164
2025-03-31,550.262573,93.203278,69.217964,465.663666,85.121696,288.140015,89.972122,48.890804
2025-04-01,551.816711,93.548325,69.435417,469.417419,85.859299,287.570007,90.288239,49.063934
2025-04-02,555.308899,93.444344,69.378685,472.843445,85.803001,288.160004,90.203064,49.198601
2025-04-03,527.942749,93.935913,69.737984,447.530426,86.197159,286.420013,91.130547,48.169422
2025-04-04,497.035431,94.020988,69.794701,419.734833,87.135582,279.720001,91.386093,45.120354
2025-04-07,496.150146,92.829903,68.953217,420.747742,84.507935,273.709991,90.297699,44.139267
2025-04-08,488.379059,92.347771,68.556145,413.170746,82.912544,275.200012,89.843414,43.908424
2025-04-09,539.668335,92.555763,68.716866,462.763916,83.400566,285.380005,89.559502,47.188335
2025-04-10,516.020569,91.827835,68.168488,443.081543,81.101349,292.350006,89.001114,46.255333
2025-04-11,525.227905,91.733315,68.09285,451.244507,81.542419,297.929993,88.499512,47.524975
2025-04-14,530.323242,92.272156,68.480499,454.303101,82.124252,296.230011,89.209328,48.073231
2025-04-15,528.837891,92.461212,68.650681,454.80954,82.415184,297.779999,89.474319,48.400257
2025-04-16,517.082886,92.754257,68.839783,441.095459,82.875,307.470001,89.862343,48.294456
2025-04-17,517.820618,92.517944,68.688499,441.016052,82.143028,306.119995,89.606812,48.813858
2025-04-21,505.495087,91.960197,68.310318,430.102295,80.707191,315.589996,89.124138,48.583008
2025-04-22,518.646973,92.130348,68.433228,441.393372,81.157646,311.109985,89.190392,49.53524
2025-04-23,526.683716,92.357231,68.57505,451.403351,81.94593,303.649994,89.285042,49.679523
2025-04-24,537.769836,92.867683,68.962692,464.104584,82.809319,308.070007,89.767708,50.314342
2025-04-25,541.655334,93.208015,69.189613,469.278381,83.419342,304.730011,90.108406,50.429764
2025-04-28,541.861877,93.463242,69.359779,469.129425,83.944855,309.070007,90.468048,50.776031
2025-04-29,545.275208,93.690109,69.539413,472.227783,84.648697,306.059998,90.780373,50.929924
2025-04-30,545.491699,93.605042,69.492149,472.168182,83.963623,303.769989,90.922348,50.852966
2025-05-01,549.357544,93.34993,69.298645,478.335022,83.537888,297.459991,90.52639,50.641369
2025-05-02,557.512329,92.894714,68.957184,485.435333,82.633644,297.980011,89.918694,51.564747
2025-05-05,554.315247,92.733482,68.862335,482.555511,82.172112,306.880005,89.757294,51.660927
2025-05-06,549.68219,92.961082,69.014114,478.066925,82.445267,315.480011,89.985161,51.65131
2025-05-07,551.993835,93.10334,69.146896,479.943817,82.793793,310.75,90.222557,51.468559
2025-05-08,555.840027,92.619675,68.776978,484.89917,81.870705,304.630005,89.51992,51.295433
2025-05-09,555.131836,92.714516,68.833893,484.58139,81.993164,306.839996,89.586372,51.632069
2025-05-12,573.477478,92.401527,68.596764,504.323303,81.230209,298.190002,89.01667,51.882149
2025-05-13,577.264587,92.306694,68.568291,512.009644,80.90052,299.459991,88.950195,51.968723
2025-05-14,578.002441,92.041168,68.331169,515.078064,80.363632,293.160004,88.617874,51.757111
2025-05-15,580.825562,92.562767,68.701096,515.644104,81.070068,297.839996,89.197075,52.30537
2025-05-16,584.504517,92.619675,68.74852,517.888489,81.28672,294.23999,89.225571,52.420792
2025-05-19,585.143982,92.591217,68.729553,518.384949,81.051247,298.029999,89.178085,52.844006
2025-05-20,583.176514,92.429985,68.606255,516.657043,80.467239,303.579987,89.064163,53.094086
2025-05-21,573.34967,91.823029,68.179413,509.477234,79.092087,305.820007,88.446953,52.805531
2025-05-22,573.575806,92.088577,68.369118,510.430664,79.506516,303.109985,88.779282,52.747818
2025-05-23,569.660828,92.221352,68.47345,505.703674,79.638382,309.75,89.035652,52.930569
2025-05-27,581.504333,92.638634,68.795959,517.600464,80.749847,304.5,89.405952,53.671192
2025-05-28,578.140137,92.467918,68.644188,515.306458,80.401329,303.809998,89.159096,53.180649
2025-05-29,580.422241,92.809357,68.8908,516.319336,81.145439,305.609985,89.529396,53.392254
2025-05-30,579.773071,93.036964,69.023575,515.505066,81.267876,303.600006,89.79528,53.459587
2025-06-02,583.03894,92.792419,68.871323,519.576721,80.511543,311.670013,89.490433,54.075169
2025-06-03,586.363708,92.725815,68.795174,523.638245,80.369736,308.910004,89.404694,53.680817
2025-06-04,586.206299,93.277695,69.22345,525.098083,81.674416,310.899994,90.062004,53.959751
2025-06-05,583.373291,93.039833,69.090202,521.145691,81.731133,309.329987,89.79528,53.959751
2025-06-06,589.363953,92.564041,68.719055,526.23999,80.691185,305.179993,89.080795,54.132885
2025-06-09,589.895142,92.678253,68.823738,527.014648,80.776276,306.619995,89.242744,54.152115
2025-06-10,593.239746,92.887573,68.95697,530.500305,81.192238,306.709991,89.395172,54.277161
2025-06-11,591.547729,93.201584,69.17585,528.712708,81.438057,308.369995,89.766693,54.267536
2025-06-12,593.898743,93.544121,69.4328,529.954041,82.411842,312.200012,90.157272,54.690754
2025-06-13,587.258789,93.211082,69.185364,523.300598,81.617683,316.290009,89.823853,54.027077
2025-06-16,592.846191,93.02079,69.052147,530.579712,80.795189,311.779999,89.566643,54.296398
2025-06-17,587.780273,93.306236,69.271027,525.405945,81.778412,311.940002,90.004837,53.613487
2025-06-18,587.691711,93.372856,69.309082,525.316528,81.920212,310.26001,90.062004,53.757759
2025-06-20,586.311523,93.458481,69.356667,523.17157,81.768951,310.130005,90.119171,53.322456
2025-06-23,592.102722,93.648788,69.527954,528.551025,82.033661,311.079987,90.43354,53.729645
2025-06-24,598.64386,94.029388,69.73732,536.633606,82.629288,306.190002,90.74791,54.437382
2025-06-25,598.979309,94.019867,69.756378,538.005493,82.733284,307.119995,90.786011,54.16592
2025-06-26,603.665588,94.276787,69.956215,543.036011,83.149246,306.779999,91.109917,54.757313
2025-06-27,606.664856,94.010391,69.794418,544.895142,82.619827,301.220001,90.87175,55.096642
2025-06-30,609.565369,94.390976,70.070419,548.424438,83.432884,304.829987,91.233742,55.271149
2025-07-01,609.368103,94.304115,70.017891,543.801514,83.639748,307.549988,91.064606,55.232368
2025-07-02,612.130554,94.189552,69.941536,547.589233,83.10833,309.25,90.873466,55.406883
2025-07-03,616.954956,93.998642,69.769676,552.977722,82.529495,307.140015,90.558083,55.474751
2025-07-07,612.357422,93.664543,69.54055,548.812134,81.741867,307.369995,90.271393,54.7864
2025-07-08,612.022034,93.626358,69.502365,549.120422,81.637489,304.160004,90.137596,55.183891
2025-07-09,615.692078,94.017715,69.779213,553.007629,82.491539,305.519989,90.605873,55.562
2025-07-10,617.428467,93.98909,69.788773,552.21228,82.548477,306.200012,90.558083,55.600777
2025-07-11,615.257996,93.59771,69.502365,550.969543,81.409737,309.140015,90.137596,55.135422
2025-07-14,616.432068,93.588181,69.492821,552.967834,81.238914,308.01001,90.099388,55.203289
2025-07-15,613.797913,93.311333,69.282791,553.474792,80.669571,306.730011,89.745796,54.650669
2025-07-16,615.849976,93.444977,69.416428,554.041504,80.78344,308.26001,89.994255,54.912434
2025-07-17,619.618713,93.483147,69.435524,558.525269,80.76445,307.589996,89.965591,55.038471
2025-07-18,619.165039,93.654984,69.550087,557.988403,80.887825,308.390015,90.214066,54.912434
2025-07-21,620.33905,93.91272,69.750572,560.881409,81.609009,313.130005,90.529442,55.271149
2025-07-22,620.427734,94.094101,69.865158,557.978455,82.102463,316.100006,90.787468,55.532917
2025-07-23,625.706055,93.884094,69.721939,560.523499,81.64698,312.179993,90.46254,56.715706
2025-07-24,625.913147,93.826805,69.636017,561.716553,81.504631,310.269989,90.328735,56.318211
2025-07-25,628.557251,93.979538,69.807877,563.068604,82.017052,307.399994,90.538979,56.250343
2025-07-28,628.399414,93.855438,69.693291,564.828308,81.485657,305.410004,90.338295,55.416576
2025-07-29,626.741943,94.361382,70.056084,563.953369,82.861626,306.25,90.930794,55.397182
2025-07-30,625.952698,94.094101,69.874702,564.708984,82.434601,300.959991,90.615433,54.980301
2025-07-31,623.604675,94.141838,69.884232,561.716553,82.482048,302.959991,90.691895,54.505245
2025-08-01,613.383423,94.955963,70.489601,550.651428,83.654678,309.109985,91.735992,54.31134
2025-08-04,622.706726,95.03257,70.537506,560.811768,83.88327,310.910004,91.860626,55.067558
2025-08-05,619.549622,95.061325,70.566254,557.00415,84.14048,311.160004,91.793526,55.164509
2025-08-06,624.295166,95.022995,70.508766,564.013062,83.654678,310.5,91.726402,55.591087
2025-08-07,623.772278,94.946373,70.480049,565.921936,83.511757,313.119995,91.659302,55.988583
2025-08-08,628.63623,94.764404,70.326805,571.200867,83.149796,313.049988,91.448372,56.250343
2025-08-11,627.393005,94.831444,70.374687,569.510803,83.245033,308.549988,91.477119,56.027363
2025-08-12,634.072266,94.831444,70.384247,576.668884,82.82592,308.269989,91.457962,56.657536
2025-08-13,636.242859,95.176254,70.642883,576.957153,83.511757,309.209991,91.783928,56.919296
2025-08-14,636.302063,94.908051,70.441719,576.509766,82.89257,307.25,91.486717,56.82235
2025-08-15,634.812256,94.764404,70.345932,573.97467,82.301994,307.429993,91.304558,57.074413
2025-08-18,634.674194,94.659035,70.26931,573.745972,82.063866,306.950012,91.218254,57.016251
2025-08-19,631.230957,94.841034,70.403397,565.96167,82.540146,305.269989,91.448372,56.948387
2025-08-20,629.553711,94.898483,70.451286,562.601318,82.72113,308.359985,91.582611,57.093807
2025-08-21,627.028076,94.6782,70.278877,559.996582,82.311531,307.290009,91.314133,56.82235
2025-08-22,636.657227,95.204987,70.633316,568.635925,82.921181,310.579987,91.822296,57.743374
2025-08-25,633.855164,95.061325,70.537506,566.995544,82.683037,309.829987,91.640121,57.025944
2025-08-26,636.509155,95.176254,70.623726,569.272217,82.635414,312.079987,91.879814,57.045334
2025-08-27,637.959534,95.272041,70.690765,570.146973,82.540146,312.709991,92.052399,56.97747
2025-08-28,640.21875,95.386971,70.776978,573.716187,83.083092,315.029999,92.263329,57.210148
2025-08-29,636.400635,95.262451,70.690765,567.075134,82.492508,318.070007,92.18663,56.919296
2025-09-02,631.684753,95.00972,70.539879,562.322937,81.878639,325.589996,91.911514,56.415157
2025-09-03,635.108215,95.355659,70.770546,566.74707,82.777458,328.140015,92.228951,56.541191
2025-09-04,640.416138,95.740036,71.039619,571.876953,83.408554,326.690002,92.642586,56.890217
2025-09-05,638.561279,96.191704,71.375984,572.702087,84.680275,331.049988,93.094681,57.161678
2025-09-08,640.129883,96.518417,71.606636,575.495728,85.808586,334.820007,93.383278,57.714291
2025-09-09,641.609802,96.326233,71.472084,577.12616,85.320938,334.059998,93.16201,57.55917
2025-09-10,643.4646,96.518417,71.597031,577.315063,85.808586,335.26001,93.412109,57.597946
2025-09-11,648.812012,96.700996,71.750793,580.675415,86.382301,334.76001,93.556404,58.23782
2025-09-12,648.594971,96.614517,71.664291,583.240356,86.009384,335.420013,93.287071,57.995449
2025-09-15,652.047913,96.777885,71.798836,588.231079,86.210182,338.910004,93.440979,58.460804
2025-09-16,651.150146,96.816315,71.808456,587.734009,86.391861,339.589996,93.498695,58.392941
2025-09-17,650.341309,96.643349,71.68351,586.560852,86.171936,336.970001,93.296684,58.189342
2025-09-18,653.380005,96.374298,71.500931,591.849854,85.282684,335.619995,92.988876,58.373547
2025-09-19,656.616028,96.374298,71.529762,595.856262,85.120132,339.179993,92.950394,58.107609
2025-09-22,659.722534,96.258949,71.39521,599.383789,84.814148,345.049988,92.796478,58.419338
2025-09-23,656.131226,96.41272,71.53936,595.402527,85.406998,346.459991,93.056183,58.331661
2025-09-24,654.043701,96.230148,71.39521,593.312317,85.081894,343.320007,92.806099,57.922523
2025-09-25,651.026306,96.095589,71.318329,590.754395,85.081894,344.75,92.604103,57.532864
2025-09-26,654.756104,96.162865,71.318329,593.182922,85.005402,346.73999,92.556015,57.87381
2025-09-29,656.596252,96.345451,71.500931,595.930054,85.703415,352.459991,92.825356,58.166054
2025-09-30,659.069519,96.335838,71.472084,597.562317,85.454796,355.470001,92.786865,58.370621
2025-10-01,661.315308,96.58168,71.652374,600.428894,85.675499,356.029999,93.099487,58.808987
2025-10-02,662.076965,96.687737,71.729515,602.897217,85.924965,354.790009,93.195953,58.935627
2025-10-03,662.0672,96.58168,71.642723,600.359192,85.761841,357.640015,93.01265,59.481148
2025-10-06,664.441589,96.369598,71.478844,604.868042,85.080589,364.380005,92.742485,59.598045
2025-10-07,661.978149,96.533463,71.613823,601.682983,85.569946,366.26001,92.974052,59.081749
2025-10-08,665.925537,96.543114,71.613823,608.580505,85.637108,372.299988,92.99334,59.266834
2025-10-09,663.996399,96.427414,71.565605,607.844116,85.569946,365.429993,92.925804,58.760281
2025-10-10,646.049988,96.822693,71.8452,586.743225,86.951653,369.119995,93.504723,57.649761
2025-10-13,655.963013,97.005875,71.960884,599.194702,86.903664,378.089996,93.552971,58.253727
2025-10-14,655.161682,97.160126,72.066948,595.20343,87.181946,380.790009,93.794182,58.42907
2025-10-15,658.070251,97.121544,72.018738,599.403625,86.990028,387.390015,93.688042,58.838211
2025-10-16,653.588684,97.468643,72.288681,597.184082,87.642502,396.450012,94.122238,59.091492
2025-10-17,657.298645,97.333649,72.192268,601.105652,87.508163,388.98999,93.967857,59.140194
2025-10-20,664.134827,97.497551,72.288681,608.680054,87.844017,403.149994,94.093285,59.656494
2025-10-21,664.124939,97.593971,72.375458,608.520874,88.275787,377.23999,94.266953,59.120712
2025-10-22,660.67218,97.584328,72.375458,602.658386,88.333359,377.279999,94.286255,59.140194
2025-10-23,664.589966,97.410789,72.230835,607.724609,87.728867,378.790009,93.977493,59.442181
2025-10-24,670.021362,97.507202,72.327248,614.214111,87.767235,377.519989,94.064331,59.637012
2025-10-27,677.926025,97.574684,72.365807,625.15271,88.064697,367.01001,94.064331,60.075371
2025-10-28,679.726624,97.632523,72.404373,629.960144,88.294975,364.380005,94.151184,60.065632
2025-10-29,680.053162,97.169777,72.047668,632.796753,87.402634,363.0,93.543312,59.724682
2025-10-30,672.573914,96.98658,71.922325,623.122253,86.894081,370.130005,93.408234,59.451923
2025-10-31,674.780029,96.928757,71.903046,626.128113,86.63501,368.119995,93.446823,59.403217
2025-11-03,676.046387,96.809784,71.819855,629.124084,86.418327,368.779999,93.402306,59.549335
2025-11-04,668.032837,96.858147,71.858551,616.354065,86.610924,362.320007,93.518463,58.760281
2025-11-05,670.347839,96.597,71.655426,620.365234,85.667221,366.51001,93.073219,59.130463
2025-11-06,663.155457,96.954857,71.935928,608.809448,86.437599,366.070007,93.547485,58.8577
2025-11-07,663.80835,96.916168,71.897255,606.888489,86.254631,368.309998,93.58622,59.042786
2025-11-10,674.166626,96.877487,71.877892,620.31543,86.235359,378.380005,93.460388,59.763645
2025-11-11,675.709961,97.167648,72.081024,618.663147,86.630196,379.869995,93.750755,60.133823
2025-11-12,676.085938,97.12896,72.051994,618.175476,86.784271,385.98999,93.770103,60.523487
2025-11-13,664.867004,96.838799,71.839195,605.55481,86.071663,382.869995,93.499107,59.812363
2025-11-14,664.758118,96.722725,71.732819,606.012573,85.580551,375.959991,93.344246,59.734425
2025-11-17,658.564941,96.742065,71.771492,600.836914,85.792389,371.649994,93.450714,58.964851
2025-11-18,653.034607,96.80011,71.829552,593.521301,85.763504,374.350006,93.605568,58.360886
2025-11-19,655.557434,96.80011,71.800514,597.064636,85.590164,374.959991,93.537804,58.166054
2025-11-20,645.565247,96.916168,71.906906,582.93103,85.927216,374.850006,93.760437,57.377003
2025-11-21,651.99585,97.148293,72.081024,587.310547,86.187218,374.269989,94.07016,58.224506
2025-11-24,661.592285,97.341759,72.206772,602.329895,86.678345,380.200012,94.215347,58.507004
2025-11-25,667.815186,97.496506,72.371216,606.042542,86.899826,380.079987,94.457329,59.062267
2025-11-26,672.425415,97.651268,72.448586,611.3974,87.285019,383.119995,94.53476,59.695454
2025-11-28,676.095825,97.515854,72.33252,616.354065,86.870934,387.880005,94.370209,59.977959
2025-12-01,673.009094,97.094719,72.050125,614.283813,85.789513,389.75,93.863472,59.675976
2025-12-02,674.255676,97.220871,72.118057,619.091187,85.828156,387.23999,93.941132,59.8708
2025-12-03,676.590515,97.405235,72.224808,620.604065,86.069771,386.880005,94.135292,60.192272
2025-12-04,677.085205,97.172356,72.088943,620.026794,85.605896,387.130005,93.844048,60.348137
2025-12-05,678.371216,97.065613,72.001602,622.554932,85.209656,386.440002,93.649895,60.435806
2025-12-08,676.333313,96.910347,71.894875,621.360535,84.92939,385.420013,93.455757,60.30917
2025-12-09,675.749573,96.823013,71.846352,622.126953,85.016373,387.399994,93.319847,60.240982
2025-12-10,680.231201,97.133537,72.059853,624.674927,85.34494,389.049988,93.620789,60.922882
2025-12-11,681.814148,97.152931,72.059853,622.65448,85.228981,393.23999,93.630486,61.176155
2025-12-12,674.483276,96.852127,71.836662,610.750366,84.407516,395.440002,93.378082,60.864429
2025-12-15,673.464172,96.949158,71.923996,607.684753,84.465523,395.799988,93.455757,61.215118
2025-12-16,671.624084,97.133537,72.059853,608.88916,84.92939,395.890015,93.717842,60.844948
2025-12-17,664.233826,97.104416,72.040421,597.602112,84.852089,399.290009,93.698433,60.416328
2025-12-18,669.249573,97.347015,72.193291,606.261414,85.25798,398.570007,93.941132,60.893654
2025-12-19,675.315369,97.204857,72.086182,614.164307,84.939751,399.019989,93.729782,61.260185
2025-12-22,679.522461,97.165932,72.066719,617.108337,84.755417,408.230011,93.632401,61.54747
2025-12-23,682.628235,97.165932,72.056984,619.998474,84.891251,413.640015,93.59343,61.953621
2025-12-24,685.02948,97.380112,72.232246,621.812256,85.405441,411.929993,93.836914,62.092308
2025-12-26,684.960022,97.399574,72.232246,621.772461,85.124092,416.73999,93.924583,62.221088
2025-12-29,682.519043,97.516434,72.339333,618.762634,85.444244,398.600006,94.060921,62.131935
2025-12-30,681.685547,97.47747,72.31012,617.327576,85.240509,398.890015,93.963531,62.201279
2025-12-31,676.63501,97.243805,72.115417,612.224915,84.561378,396.309998,93.651878,61.884277
2026-01-02,677.875305,97.2146,72.086182,611.03894,84.435257,398.279999,93.573959,62.607433
2026-01-05,682.390076,97.399574,72.222504,615.892395,84.85244,408.76001,93.8564,63.350403
2026-01-06,686.448364,97.380112,72.222504,621.304016,84.677803,413.179993,93.788223,63.53862
2026-01-07,684.235657,97.47747,72.3004,621.901978,85.172607,409.230011,93.963531,63.281059
2026-01-08,684.166199,97.302231,72.173805,618.363953,84.74572,411.48999,93.681084,63.340492
2026-01-09,688.690857,97.516434,72.32959,624.523071,85.308434,414.470001,93.788223,63.924961
2026-01-12,689.772339,97.467743,72.261444,625.04126,85.056175,422.230011,93.671349,64.311302
2026-01-13,688.393188,97.555367,72.319855,624.114502,85.201714,421.630005,93.788223,63.954681
2026-01-14,685.009521,97.701408,72.465897,617.447144,85.69651,425.940002,93.983002,64.261772
2026-01-15,686.875,97.574844,72.358803,619.669617,85.677086,423.329987,93.788223,64.350937
2026-01-16,686.299561,97.409332,72.241959,619.151367,85.182312,421.290009,93.427864,64.529243
2026-01-20,672.328674,97.039345,71.979095,605.996155,84.066605,437.230011,93.057785,63.667397
2026-01-21,680.088074,97.360634,72.183563,614.188354,84.706909,443.600006,93.301262,64.400459
2026-01-22,683.64032,97.380112,72.212761,618.653015,85.075577,451.790009,93.291519,64.747177
2026-01-23,683.888306,97.467743,72.290642,620.606384,85.308434,458.0,93.44735,65.163239
2026-01-26,687.361206,97.613792,72.378273,623.337158,85.715904,464.700012,93.583702,65.460434
2026-01-27,690.099854,97.545631,72.319855,628.987854,85.182312,476.100006,93.476578,66.530312
2026-01-28,690.030396,97.506683,72.290642,631.07074,84.988274,494.559998,93.398651,66.094429
2026-01-29,688.661072,97.506683,72.3004,627.293579,85.007675,495.899994,93.496048,66.441154
2026-01-30,686.607117,97.487213,72.271179,619.759216,84.532272,444.950012,93.437614,65.5793
2026-02-02,690.020447,97.374886,72.197929,624.014771,84.290756,427.130005,93.253914,65.836868
2026-02-03,684.186035,97.384644,72.217453,614.427429,84.49527,454.290009,93.34185,66.094429
2026-02-04,680.871887,97.326042,72.188148,603.69397,84.281021,453.970001,93.322311,66.173683
2026-02-05,672.368347,97.746056,72.500732,595.003601,85.19648,441.880005,93.869484,65.282127
2026-02-06,685.267578,97.804665,72.510498,607.580811,85.254913,455.459991,93.869484,66.738342
2026-02-09,688.571777,97.833969,72.530029,612.234924,85.235435,467.029999,93.88903,67.728966
2026-02-10,686.75592,98.117233,72.744957,609.394592,86.219055,462.399994,94.299408,67.897369
2026-02-11,686.597229,97.892563,72.598419,611.028992,85.761345,467.630005,94.035591,68.402588
2026-02-12,675.990051,98.332123,72.93055,598.601379,86.900803,451.390015,94.612083,67.857742
2026-02-13,676.46637,98.644691,73.145439,599.876953,87.377991,462.619995,94.983368,68.115303
2026-02-17,677.5578,98.654457,73.135689,599.259094,87.524094,448.200012,94.973602,67.936989
2026-02-18,680.97113,98.517715,73.057526,603.733826,87.19297,458.279999,94.778175,68.164825
2026-02-19,679.17511,98.537239,73.086838,601.421692,87.280624,459.559998,94.866127,68.145027
2026-02-20,684.086853,98.55677,73.077065,606.743591,87.076103,468.619995,94.866127,68.868172
2026-02-23,677.101379,98.752144,73.23336,599.368713,87.397484,481.279999,95.208099,68.531357
2026-02-24,682.022888,98.742363,73.19429,605.806824,87.553314,474.609985,95.188568,68.808731
2026-02-25,687.777954,98.693527,73.174744,614.586853,87.563057,473.420013,95.11039,69.601242
2026-02-26,683.957764,98.849815,73.282204,607.17218,87.913643,477.480011,95.364441,69.650772
2026-02-27,680.673401,99.045174,73.428734,605.22876,88.449295,483.75,95.745506,69.581421
2026-03-02,681.060486,98.649323,73.132828,606.026062,87.561081,490.0,95.170288,68.362961
2026-03-03,675.057373,98.541534,73.054436,599.538147,87.385201,468.140015,95.062492,65.985458
2026-03-04,679.82019,98.502342,73.005447,608.677002,87.111595,471.799988,94.866501,66.748238
2026-03-05,676.029724,98.218193,72.838867,606.843201,86.759834,466.130005,94.572533,65.173149
2026-03-06,667.168945,98.100616,72.740898,597.714355,86.43737,473.51001,94.513733,64.667931
2026-03-09,673.013306,98.414154,72.946663,605.697205,87.189781,472.529999,94.807716,65.29203
2026-03-10,671.931702,98.09082,72.721313,605.707153,86.26149,477.859985,94.503944,65.351456
2026-03-11,671.088318,97.649895,72.397964,605.62738,85.147545,476.23999,94.072777,65.2425
2026-03-12,660.897888,97.287346,72.133415,595.232788,84.981445,466.880005,93.768997,63.964584
2026-03-13,657.157166,97.208969,72.064835,591.704773,84.561279,460.839996,93.670998,63.221619
2026-03-16,663.84491,97.591095,72.33918,598.342224,85.215958,460.429993,94.092369,64.578781
2026-03-17,665.591248,97.787079,72.48616,601.262329,85.450462,459.269989,94.258965,64.796715
2026-03-18,656.303833,97.375542,72.192207,592.880859,84.971672,444.73999,93.827805,63.677307
2026-03-19,654.686401,97.483322,72.270599,591.007141,85.489548,426.410004,93.817986,63.558434
2026-03-20,645.301025,96.670067,71.692505,580.084351,83.867508,413.380005,92.97525,61.562897
2026-03-23,652.07666,97.032593,71.96685,586.743164,84.414696,404.040009,93.269234,63.170437
2026-03-24,649.887756,96.768051,71.780701,582.731689,84.043388,404.130005,92.955658,62.664364
2026-03-25,653.509399,97.110992,72.055038,586.563538,84.854408,416.290009,93.445625,63.478054
2026-03-26,641.838562,96.562279,71.633728,572.563477,84.141106,400.640015,92.691078,61.999512
2026-03-27,630.893982,96.552483,71.633728,561.377441,83.681854,414.700012,92.700874,61.572819
2026-03-30,628.784668,97.042397,71.996246,557.086731,84.795784,414.579987,93.35743,61.552971
2026-03-31,647.062073,97.267754,72.153015,575.946228,84.707848,430.290009,93.524017,63.587208
2026-04-01,651.937378,97.333626,72.18251,583.061035,84.624451,437.820007,93.442413,64.639053
2026-04-02,652.524414,97.559761,72.339828,583.729553,85.144409,429.410004,93.658714,64.142899
2026-04-06,655.608826,97.38279,72.231674,587.242065,85.007065,427.649994,93.412918,64.619217
2026-04-07,655.897278,97.500771,72.339828,587.331909,84.997246,431.809998,93.64888,64.589432
2026-04-08,672.602722,97.756386,72.477463,604.794495,85.271942,434.529999,93.855354,67.298447
2026-04-09,676.482971,97.815376,72.506958,608.885681,85.056114,437.910004,93.825851,67.030525
2026-04-10,676.035339,97.648247,72.398804,609.763794,84.85009,437.130005,93.668541,67.219063
2026-04-13,682.641846,97.844872,72.556114,616.070374,85.105164,435.359985,93.875015,67.685448
2026-04-14,690.959717,98.100494,72.733078,627.256287,85.556442,445.089996,94.179802,68.360214
2026-04-15,696.412109,97.943199,72.634758,636.037537,85.183647,440.459991,93.973343,68.171677
2026-04-16,698.123413,97.805565,72.526611,639.100952,84.644073,440.079987,93.806198,68.102219
2026-04-17,706.56073,98.169327,72.811714,647.463013,85.41909,445.929993,94.317444,69.094528
2026-04-20,705.147766,98.159477,72.762573,645.40741,85.399483,442.089996,94.228958,68.796829
2026-04-21,700.53125,97.795715,72.536446,642.952759,84.928574,429.570007,93.816025,67.298447
2026-04-22,707.625305,97.933357,72.615105,653.709656,85.095352,435.26001,93.914345,67.824371
2026-04-23,704.879211,97.776054,72.487289,650.027527,84.908951,431.040009,93.766853,67.169449
2026-04-24,710.341553,97.913696,72.615105,662.460938,85.065926,433.25,93.953674,67.615982
2026-04-27,711.565308,97.766228,72.497124,662.810181,84.644073,429.890015,93.737358,67.546524
2026-04-28,708.102844,97.726898,72.477463,656.14447,84.732368,421.910004,93.64888,67.209145
2026-04-29,707.993408,97.294304,72.153023,660.155884,84.075058,417.410004,93.206451,66.56414
2026-04-30,715.03772,97.431938,72.261162,666.312683,83.99659,423.660004,93.383415,68.270912
2026-05-01,717.0177,97.560188,72.361771,672.709045,84.296913,423.179993,93.454453,68.191528
2026-05-04,714.390991,97.254379,72.115181,671.441711,83.656876,414.709991,93.109192,67.387756
2026-05-05,720.122009,97.431946,72.243408,680.153015,84.119675,418.269989,93.247299,68.449532
2026-05-06,730.131287,97.84626,72.549187,694.282776,84.759705,430.959991,93.710922,70.324997
2026-05-07,727.892639,97.609505,72.361771,693.454529,84.336296,431.679993,93.42485,69.134216
2026-05-08,733.902161,97.836395,72.549187,709.709717,84.759705,433.769989,93.671463,70.285301
2026-05-11,735.573669,97.579918,72.371651,711.76532,84.247673,434.649994,93.355804,70.275375
2026-05-12,734.459351,97.293831,72.154633,705.72821,83.686409,432.929993,93.040154,69.431908
2026-05-13,738.568542,97.333298,72.184235,713.182312,83.499336,430.5,93.040154,70.08683
2026-05-14,744.398987,97.303711,72.164505,718.251404,83.617493,427.209991,92.980965,70.017372
2026-05-15,735.444397,96.692108,71.750206,707.414612,82.376823,417.290009,92.241135,68.548759
2026-05-18,734.927002,96.682243,71.700897,704.371155,82.278351,418.429993,92.201683,68.985367
2026-05-19,730.031799,96.307396,71.464149,700.030518,81.746635,411.5,91.846565,68.45945
2026-05-20,737.513855,96.889397,71.858711,711.62561,82.622986,417.399994,92.46801,69.660133
2026-05-21,738.97644,97.007774,71.937622,712.982727,82.92823,416.98999,92.527206,70.146378
2026-05-22,741.881775,97.106422,72.006676,716.006226,83.38118,413.820007,92.60611,69.918144
2026-05-26,746.806824,97.382622,72.213821,728.718994,83.794724,414.0,93.000687,71.227989
2026-05-27,746.67749,97.461548,72.282867,727.890747,83.991669,408.48999,93.040154,70.86084
2026-05-28,750.79657,97.658829,72.420959,734.027649,84.424911,412.769989,93.257156,71.108917
2026-05-29,752.667114,97.718018,72.460419,736.731812,84.444611,417.119995,93.365669,71.218063
2026-06-01,754.716736,97.669533,72.427757,741.152344,84.490082,411.26001,93.204338,71.317299
2026-06-02,755.741577,97.699211,72.447548,744.565002,84.668015,411.950012,93.273621,71.76384
2026-06-03,750.438416,97.491364,72.308983,742.619263,84.331917,407.869995,93.036087,71.118843
2026-06-04,753.274048,97.649734,72.407967,739.026917,84.51973,411.269989,93.154854,71.287529
2026-06-05,733.83252,97.164749,72.08136,703.552856,84.084778,396.23999,92.659981,68.638062
2026-06-08,735.49408,97.164749,72.061554,714.539429,83.649834,397.269989,92.561005,69.322762
2026-06-09,733.335022,97.362701,72.219917,706.317017,84.144096,390.779999,92.818336,69.302902
2026-06-10,721.773621,97.303314,72.16053,692.207214,83.906837,374.579987,92.729263,68.28083
2026-06-11,734.041504,97.867477,72.57621,715.587158,84.99424,386.320007,93.372597,70.761604
2026-06-12,738.011353,97.748703,72.487129,719.798157,84.786644,386.540009,93.214233,70.999763
2026-06-15,751.025452,97.837776,72.546524,742.409668,84.737221,396.549988,93.313217,71.833298
2026-06-16,746.548157,97.956551,72.655396,728.299866,85.201828,397.630005,93.550743,71.76384
2026-06-17,737.225342,97.600235,72.388161,720.965637,85.340225,388.600006,93.05587,71.446297
2026-06-18,744.890259,97.887276,72.586105,739.036926,85.755409,387.119995,93.392387,72.131599
2026-06-22,742.546143,97.620026,72.388161,737.181824,85.102974,384.589996,93.036087,72.211403
2026-06-23,731.762878,97.699211,72.467339,712.907166,85.211708,377.320007,93.154854,69.99688
2026-06-24,731.423706,98.174301,72.793945,709.88031,86.378181,365.920013,93.758598,70.106613
2026-06-25,732.481079,98.233688,72.843437,715.634277,86.348534,369.459991,93.817978,70.984444
2026-06-26,727.184265,98.322762,72.91272,705.784607,86.358421,373.630005,94.055519,70.385918
2026-06-29,739.16449,98.352463,72.952301,723.326294,86.44738,368.579987,94.085213,70.745033
2026-06-30,744.920227,97.966454,72.655396,735.633484,85.429184,368.380005,93.600243,71.074219
2026-07-01,743.91272,97.818481,72.550125,724.4151,84.85173,370.600006,93.372841,70.186417
2026-07-02,742.935181,97.927719,72.599785,711.858215,84.841812,378.130005,93.462212,70.6353
2026-07-06,749.419067,97.977379,72.62957,722.067627,84.78228,382.130005,93.52179,71.712639
2026-07-07,745.85791,97.530487,72.341591,708.691528,83.88932,377.48999,93.045143,70.605377
2026-07-08,743.55365,97.361671,72.192635,710.699463,83.700806,374.450012,92.856476,70.166458
2026-07-09,749.848022,97.500702,72.321739,722.527161,83.829788,378.179993,93.055069,70.555504
2026-07-10,753.079956,97.40139,72.262146,724.754822,83.809944,377.01001,92.975632,70.814857
2026-07-13,747.31427,97.033951,71.994041,710.999084,83.31385,367.130005,92.638016,69.587898
2026-07-14,749.967712,97.321945,72.192635,718.940857,83.422997,372.149994,92.896194,70.425819
2026-07-15,752.940308,97.460976,72.311798,716.992859,83.581741,372.350006,93.12458,70.645279
2026-07-16,748.860413,97.451042,72.301872,705.205139,83.551971,364.959991,93.06501,69.857231
2026-07-17,741.448792,97.520561,72.351524,694.606201,83.85955,368.410004,93.184158,69.528038
2026-07-20,740.251831,97.272293,72.172775,695.335449,83.234474,367.600006,92.886269,69.059204
2026-07-21,746.426514,97.063744,72.013893,708.231995,83.006279,374.809998,92.657867,70.296143
2026-07-22,745.558594,96.904854,71.894737,704.615723,82.787994,379.119995,92.449333,70.316093
2026-07-23,736.351501,96.666504,71.745781,691.239746,82.520096,371.519989,92.20108,69.607841
2026-07-24,737.099609,96.785675,71.805359,683.517761,82.599472,371.899994,92.379822,69.538017
2026-07-27,737.259277,97.014091,71.954315,681.409973,83.095566,374.630005,92.628075,69.827301
2026-07-28,739.024841,97.242493,72.133064,674.786865,83.581741,369.369995,92.90612,69.428291
2026-07-29,727.653137,96.875061,71.87487,661.041138,82.202599,371.079987,92.518852,68.779892
2026-07-30,739.852783,96.94458,71.914589,682.83844,82.152992,377.160004,92.558571,70.914612
2026-07-31,745.179626,96.696304,71.725922,687.273865,81.607285,371.540009,92.300385,70.445778
2026-08-03,755.793213,96.923515,71.897316,699.341309,81.876259,371.709991,92.487709,70.864738
2026-08-04,769.419373,97.322136,72.186302,723.096497,82.503853,374.160004,92.916176,72.041824
2026-08-05,767.883179,97.371956,72.20623,716.553345,82.683167,389.640015,92.975952,72.171501
2026-08-06,766.65625,97.092926,71.996964,713.906128,82.204994,389.670013,92.617241,71.942078
2026-08-07,771.344604,97.262337,72.146446,722.277405,82.444084,398.470001,92.836456,72.710175
2026-08-10,771.115173,96.90358,71.897316,720.119629,81.74675,402.540009,92.427933,72.321136
2026-08-11,768.651306,96.983307,71.957108,717.702148,81.876259,400.959991,92.537537,72.510666
2026-08-12,770.576477,97.092926,72.026863,722.946716,81.796562,404.920013,92.627213,73.119164
2026-08-13,775.953186,97.352028,72.226166,731.307983,82.274727,398.959991,92.965996,73.358574
2026-08-14,774.416992,97.142761,72.056755,730.309021,81.72683,401.480011,92.706924,73.398476
2026-08-17,770.756042,96.913551,71.907288,729.110229,81.039467,405.48999,92.507637,73.508202
2026-08-18,765.549011,97.013206,71.967072,716.763123,81.348289,398.549988,92.597321,72.211403
2026-08-19,767.154968,97.481575,72.305878,715.334595,82.703087,413.839996,93.045708,72.650322
2026-08-20,760.710999,97.152718,72.086647,710.189941,82.025681,415.26001,92.667068,72.660294
2026-08-21,763.823242,97.013206,71.977043,712.697388,81.736794,423.359985,92.487709,73.238861
2026-08-24,761.578796,97.212517,72.116547,705.584778,82.244843,426.690002,92.677032,72.879753
2026-08-25,764.012756,97.670921,72.415497,709.980164,83.151375,428.070007,93.175247,73.607956
2026-08-26,764.182373,97.521439,72.325813,710.629517,82.982025,421.320007,92.985924,73.268791
2026-08-27,769.189941,97.491547,72.28595,720.359375,82.812668,422.600006,92.896248,73.238861
2026-08-28,767.444275,97.152718,72.056755,715.684265,82.563622,408.890015,92.517601,72.879753
2026-08-31,765.149963,97.072998,71.987,716.013916,82.204994,408.420013,92.407997,72.740097
2026-09-01,759.893066,96.769997,71.790001,706.903381,81.870003,396.75,92.099998,71.932098
2026-09-02,763.264648,96.839996,71.830002,708.501709,81.949997,402.779999,92.18,72.410912
2026-09-03,771.254822,96.949997,71.93,716.922913,82.07,410.220001,92.279999,73.25882
2026-09-04,768.282227,97.0,71.949997,718.211609,82.209999,406.769989,92.25,73.578026
2026-09-08,764.062683,96.900002,71.889999,717.612244,82.199997,399.720001,92.160004,73.268791
2026-09-09,760.511536,96.68,71.730003,715.564392,81.730003,403.350006,91.900002,72.640343
2026-09-10,755.95282,96.050003,71.269997,707.952332,80.779999,396.359985,91.18,71.742561
2026-09-11,762.39679,95.980003,71.220001,714.135864,80.870003,398.769989,91.010002,72.510666
2026-09-14,758.995239,95.889999,71.169998,708.441772,80.93,392.839996,90.93,71.54306
2026-09-15,755.513916,95.849998,71.150002,703.80658,80.709999,394.149994,90.82,71.353531
2026-09-16,752.18219,95.809998,71.110001,703.986389,80.879997,391.73999,90.730003,71.084198
2026-09-17,760.710999,96.330002,71.470001,716.173706,81.779999,398.359985,91.25,71.972
2026-09-18,761.690002,95.959999,71.199997,720.699036,81.25,401.170013,90.800003,71.379997
2026-09-21,773.5,96.209999,71.400002,741.469971,81.800003,398.380005,91.150002,72.300003
2026-09-22,773.380005,96.25,71.410004,747.460022,81.75,400.070007,91.160004,72.709999
2026-09-23,767.809998,95.410004,70.809998,741.210022,80.459999,392.880005,90.190002,71.419998
2026-09-24,767.179993,94.949997,70.449997,741.099976,79.419998,391.690002,89.690002,71.050003
2026-09-25,771.349976,95.120003,70.629997,744.5,79.32,393.410004,90.0,71.839996
2026-09-28,765.609985,94.650002,70.279999,736.530029,78.620003,377.910004,89.529999,71.309998
2026-09-29,764.200012,94.599998,70.230003,737.929993,78.230003,382.890015,89.449997,71.18
2026-09-30,762.630005,94.540001,70.150002,739.77002,77.779999,380.839996,89.309998,70.610001
